"Site","Plot","Fires","Frame","Species","Distance_m","Distance_ft","Live.Dead"
"DALTON","32_2",2,1,"BENE",3,NA,"L"
"DALTON","32_2",2,1,"POTR",5,NA,"L"
"DALTON","32_2",2,1,"PIME",4.1,NA,"D"
"DALTON","32_2",2,1,"SALIX",1.3,NA,"L"
"DALTON","32_2",2,2,"BENE",1.8,NA,"L"
"DALTON","32_2",2,2,"POTR",3.3,NA,"L"
"DALTON","32_2",2,2,"PIME",5.2,NA,"D"
"DALTON","32_2",2,2,"SALIX",1.8,NA,"L"
"DALTON","32_2",2,3,"BENE",2.5,NA,"L"
"DALTON","32_2",2,3,"POTR",3.6,NA,"L"
"DALTON","32_2",2,3,"PIME",3.8,NA,"D"
"DALTON","32_2",2,3,"SALIX",0.7,NA,"L"
"DALTON","32_2",2,4,"BENE",0.9,NA,"L"
"DALTON","32_2",2,4,"POTR",0.6,NA,"L"
"DALTON","32_2",2,4,"PIME",2.5,NA,"D"
"DALTON","32_2",2,4,"SALIX",0.7,NA,"L"
"DALTON","32_2",2,5,"BENE",0.4,NA,"L"
"DALTON","32_2",2,5,"POTR",1.7,NA,"L"
"DALTON","32_2",2,5,"PIME",0.5,NA,"D"
"DALTON","32_2",2,5,"SALIX",1.3,NA,"L"
"DALTON","32_2",2,6,"BENE",3.2,NA,"L"
"DALTON","32_2",2,6,"POTR",2.6,NA,"L"
"DALTON","32_2",2,6,"PIME",3,NA,"D"
"DALTON","32_2",2,6,"SALIX",0.5,NA,"L"
"DALTON","32_2",2,7,"BENE",0.9,NA,"L"
"DALTON","32_2",2,7,"POTR",2.3,NA,"D"
"DALTON","32_2",2,7,"PIME",4.7,NA,"L"
"DALTON","32_2",2,7,"SALIX",0.9,NA,"L"
"DALTON","32_2",2,8,"BENE",0.4,NA,"L"
"DALTON","32_2",2,8,"POTR",2.5,NA,"L"
"DALTON","32_2",2,8,"PIME",2.1,NA,"D"
"DALTON","32_2",2,8,"SALIX",0.8,NA,"L"
"DALTON","32_2",2,9,"BENE",0.3,NA,"L"
"DALTON","32_2",2,9,"POTR",0.6,NA,"L"
"DALTON","32_2",2,9,"PIME",3,NA,"D"
"DALTON","32_2",2,9,"SALIX",0.9,NA,"L"
"DALTON","32_2",2,10,"BENE",1.2,NA,"L"
"DALTON","32_2",2,10,"POTR",0.9,NA,"L"
"DALTON","32_2",2,10,"PIME",1.7,NA,"D"
"DALTON","32_2",2,10,"SALIX",1,NA,"L"
"DALTON","16_2",2,1,"BENE",1.4,NA,"L"
"DALTON","16_2",2,1,"POTR",4.4,NA,"L"
"DALTON","16_2",2,1,"PIME",3,NA,"D"
"DALTON","16_2",2,1,"SALIX",0.1,NA,"L"
"DALTON","16_2",2,1,"ALCR",0.7,NA,"L"
"DALTON","16_2",2,2,"BENE",0.7,NA,"L"
"DALTON","16_2",2,2,"POTR",3.9,NA,"L"
"DALTON","16_2",2,2,"PIME",4.8,NA,"D"
"DALTON","16_2",2,2,"SALIX",0.25,NA,"L"
"DALTON","16_2",2,2,"ALCR",0.4,NA,"L"
"DALTON","16_2",2,3,"BENE",1.7,NA,"L"
"DALTON","16_2",2,3,"POTR",1.4,NA,"L"
"DALTON","16_2",2,3,"PIME",1.1,NA,"D"
"DALTON","16_2",2,3,"SALIX",0.3,NA,"L"
"DALTON","16_2",2,3,"ALCR",1.3,NA,"L"
"DALTON","16_2",2,4,"BENE",1,NA,"L"
"DALTON","16_2",2,4,"POTR",7.2,NA,"L"
"DALTON","16_2",2,4,"PIME",3.3,NA,"L"
"DALTON","16_2",2,4,"SALIX",0.15,NA,"L"
"DALTON","16_2",2,4,"ALCR",1.1,NA,"L"
"DALTON","16_2",2,5,"BENE",0.65,NA,"L"
"DALTON","16_2",2,5,"POTR",2.5,NA,"L"
"DALTON","16_2",2,5,"PIME",2.1,NA,"D"
"DALTON","16_2",2,5,"SALIX",0.75,NA,"L"
"DALTON","16_2",2,5,"ALCR",4.7,NA,"L"
"DALTON","16_2",2,6,"BENE",0.7,NA,"L"
"DALTON","16_2",2,6,"POTR",1.2,NA,"L"
"DALTON","16_2",2,6,"PIME",2.8,NA,"D"
"DALTON","16_2",2,6,"SALIX",0.8,NA,"L"
"DALTON","16_2",2,6,"ALCR",3.6,NA,"L"
"DALTON","16_2",2,7,"BENE",0.5,NA,"L"
"DALTON","16_2",2,7,"POTR",2.8,NA,"L"
"DALTON","16_2",2,7,"PIME",1.7,NA,"D"
"DALTON","16_2",2,7,"SALIX",0.8,NA,"L"
"DALTON","16_2",2,7,"ALCR",3.8,NA,"L"
"DALTON","16_2",2,8,"BENE",0.7,NA,"L"
"DALTON","16_2",2,8,"POTR",2.4,NA,"L"
"DALTON","16_2",2,8,"PIME",2.2,NA,"L"
"DALTON","16_2",2,8,"SALIX",0.2,NA,"L"
"DALTON","16_2",2,8,"ALCR",5,NA,"L"
"DALTON","16_2",2,9,"BENE",2.5,NA,"L"
"DALTON","16_2",2,9,"POTR",1,NA,"L"
"DALTON","16_2",2,9,"PIME",5.6,NA,"L"
"DALTON","16_2",2,9,"SALIX",0.2,NA,"L"
"DALTON","16_2",2,9,"ALCR",4.1,NA,"L"
"DALTON","16_2",2,10,"BENE",3.3,NA,"L"
"DALTON","16_2",2,10,"POTR",0.8,NA,"L"
"DALTON","16_2",2,10,"PIME",0.5,NA,"L"
"DALTON","16_2",2,10,"SALIX",1,NA,"L"
"DALTON","16_2",2,10,"ALCR",1.1,NA,"L"
"DALTON","8_2",2,1,"BENE",1.3,NA,"L"
"DALTON","8_2",2,1,"PIME",2.9,NA,"D"
"DALTON","8_2",2,1,"SALIX",0.5,NA,"L"
"DALTON","8_2",2,1,"ALCR",2.5,NA,"L"
"DALTON","8_2",2,2,"BENE",2.8,NA,"L"
"DALTON","8_2",2,2,"PIME",2.5,NA,"D"
"DALTON","8_2",2,2,"SALIX",2.5,NA,"L"
"DALTON","8_2",2,2,"ALCR",1.5,NA,"L"
"DALTON","8_2",2,3,"BENE",1.7,NA,"L"
"DALTON","8_2",2,3,"PIME",2.1,NA,"L"
"DALTON","8_2",2,3,"SALIX",1.8,NA,"L"
"DALTON","8_2",2,3,"ALCR",0.9,NA,"L"
"DALTON","8_2",2,4,"BENE",1.3,NA,"L"
"DALTON","8_2",2,4,"PIME",0.3,NA,"D"
"DALTON","8_2",2,4,"SALIX",2,NA,"L"
"DALTON","8_2",2,4,"ALCR",0.9,NA,"L"
"DALTON","8_2",2,5,"BENE",1.7,NA,"L"
"DALTON","8_2",2,5,"PIME",1.6,NA,"D"
"DALTON","8_2",2,5,"SALIX",0.6,NA,"L"
"DALTON","8_2",2,5,"ALCR",1,NA,"L"
"DALTON","8_2",2,6,"BENE",3.1,NA,"L"
"DALTON","8_2",2,6,"PIME",1.2,NA,"D"
"DALTON","8_2",2,6,"SALIX",1,NA,"L"
"DALTON","8_2",2,6,"ALCR",2.5,NA,"L"
"DALTON","8_2",2,7,"BENE",2.7,NA,"L"
"DALTON","8_2",2,7,"PIME",1.4,NA,"L"
"DALTON","8_2",2,7,"SALIX",1,NA,"L"
"DALTON","8_2",2,7,"ALCR",1.1,NA,"L"
"DALTON","8_2",2,8,"BENE",2.3,NA,"L"
"DALTON","8_2",2,8,"PIME",1.3,NA,"D"
"DALTON","8_2",2,8,"SALIX",2.2,NA,"L"
"DALTON","8_2",2,8,"ALCR",3,NA,"L"
"DALTON","8_2",2,9,"BENE",1,NA,"L"
"DALTON","8_2",2,9,"PIME",0.8,NA,"D"
"DALTON","8_2",2,9,"SALIX",1.3,NA,"L"
"DALTON","8_2",2,9,"ALCR",0.15,NA,"L"
"DALTON","8_2",2,10,"BENE",3,NA,"L"
"DALTON","8_2",2,10,"PIME",2.8,NA,"L"
"DALTON","8_2",2,10,"SALIX",1.3,NA,"L"
"DALTON","8_2",2,10,"ALCR",1.2,NA,"L"
"DALTON","8_2",2,10,"POTR",3.1,NA,"L"
"DALTON","39_2",2,1,"BENE",1.5,NA,"L"
"DALTON","39_2",2,1,"PIME",2.1,NA,"D"
"DALTON","39_2",2,1,"SALIX",1.6,NA,"L"
"DALTON","39_2",2,1,"ALCR",1.2,NA,"L"
"DALTON","39_2",2,2,"BENE",0.08,NA,"L"
"DALTON","39_2",2,2,"PIME",1.3,NA,"D"
"DALTON","39_2",2,2,"SALIX",0.7,NA,"L"
"DALTON","39_2",2,2,"ALCR",2.2,NA,"L"
"DALTON","39_2",2,3,"BENE",0.01,NA,"L"
"DALTON","39_2",2,3,"PIME",3.4,NA,"D"
"DALTON","39_2",2,3,"SALIX",1.2,NA,"L"
"DALTON","39_2",2,3,"ALCR",2.1,NA,"L"
"DALTON","39_2",2,4,"BENE",1.1,NA,"L"
"DALTON","39_2",2,4,"PIME",1.4,NA,"D"
"DALTON","39_2",2,4,"SALIX",2.1,NA,"L"
"DALTON","39_2",2,4,"ALCR",2,NA,"L"
"DALTON","39_2",2,5,"BENE",NA,3,"L"
"DALTON","39_2",2,5,"PIME",NA,6,"D"
"DALTON","39_2",2,5,"SALIX",NA,3.5,"L"
"DALTON","39_2",2,5,"ALCR",NA,7.5,"L"
"DALTON","39_2",2,6,"BENE",NA,3.5,"L"
"DALTON","39_2",2,6,"PIME",NA,11.5,"D"
"DALTON","39_2",2,6,"SALIX",NA,8,"L"
"DALTON","39_2",2,6,"ALCR",NA,5.5,"L"
"DALTON","39_2",2,7,"BENE",NA,2,"L"
"DALTON","39_2",2,7,"PIME",NA,3,"D"
"DALTON","39_2",2,7,"SALIX",NA,4,"L"
"DALTON","39_2",2,7,"ALCR",NA,10.5,"L"
"DALTON","39_2",2,8,"BENE",NA,2,"L"
"DALTON","39_2",2,8,"PIME",NA,9.5,"D"
"DALTON","39_2",2,8,"SALIX",NA,4.5,"L"
"DALTON","39_2",2,8,"ALCR",0.17,NA,"L"
"DALTON","39_2",2,9,"BENE",NA,5.5,"L"
"DALTON","39_2",2,9,"PIME",NA,12,"D"
"DALTON","39_2",2,9,"SALIX",NA,5.5,"L"
"DALTON","39_2",2,9,"ALCR",NA,7.5,"L"
"DALTON","39_2",2,10,"BENE",NA,2.5,"L"
"DALTON","39_2",2,10,"PIME",NA,8.5,"D"
"DALTON","39_2",2,10,"SALIX",NA,6,"L"
"DALTON","39_2",2,10,"ALCR",NA,9.5,"L"
"DALTON","52_1",1,1,"BENE",NA,34.5,"L"
"DALTON","52_1",1,1,"PIME",NA,3,"L"
"DALTON","52_1",1,1,"SALIX",NA,13,"L"
"DALTON","52_1",1,1,"POTR",NA,14.5,"D"
"DALTON","52_1",1,1,"ALCR",NA,3,"L"
"DALTON","52_1",1,2,"BENE",NA,22.5,"L"
"DALTON","52_1",1,2,"PIME",NA,6.5,"D"
"DALTON","52_1",1,2,"SALIX",NA,21,"L"
"DALTON","52_1",1,2,"POTR",NA,40.5,"L"
"DALTON","52_1",1,2,"ALCR",NA,13.5,"L"
"DALTON","52_1",1,3,"BENE",NA,43,"L"
"DALTON","52_1",1,3,"PIME",NA,7,"D"
"DALTON","52_1",1,3,"SALIX",NA,8.5,"L"
"DALTON","52_1",1,3,"POTR",NA,23,"L"
"DALTON","52_1",1,3,"ALCR",NA,25.5,"L"
"DALTON","52_1",1,4,"BENE",NA,41,"L"
"DALTON","52_1",1,4,"PIME",NA,5,"D"
"DALTON","52_1",1,4,"SALIX",NA,13,"L"
"DALTON","52_1",1,4,"POTR",NA,25.5,"L"
"DALTON","52_1",1,4,"ALCR",NA,24.5,"L"
"DALTON","52_1",1,5,"BENE",NA,39,"L"
"DALTON","52_1",1,5,"PIME",2,NA,"D"
"DALTON","52_1",1,5,"SALIX",NA,18,"L"
"DALTON","52_1",1,5,"POTR",NA,18,"L"
"DALTON","52_1",1,5,"ALCR",NA,11.5,"L"
"DALTON","52_1",1,6,"BENE",NA,40.5,"L"
"DALTON","52_1",1,6,"PIME",NA,3,"D"
"DALTON","52_1",1,6,"SALIX",NA,11,"L"
"DALTON","52_1",1,6,"POTR",NA,11.5,"L"
"DALTON","52_1",1,6,"ALCR",NA,5.5,"L"
"DALTON","52_1",1,7,"BENE",NA,30,"L"
"DALTON","52_1",1,7,"PIME",NA,2,"L"
"DALTON","52_1",1,7,"SALIX",NA,5.5,"L"
"DALTON","52_1",1,7,"POTR",NA,24,"L"
"DALTON","52_1",1,7,"ALCR",NA,2.5,"L"
"DALTON","52_1",1,8,"BENE",NA,24.5,"L"
"DALTON","52_1",1,8,"PIME",NA,4,"D"
"DALTON","52_1",1,8,"SALIX",NA,15.5,"L"
"DALTON","52_1",1,8,"POTR",NA,41.5,"L"
"DALTON","52_1",1,8,"ALCR",NA,30,"L"
"DALTON","52_1",1,9,"BENE",NA,44,"L"
"DALTON","52_1",1,9,"PIME",NA,4,"D"
"DALTON","52_1",1,9,"SALIX",NA,18,"L"
"DALTON","52_1",1,9,"POTR",NA,23.5,"L"
"DALTON","52_1",1,9,"ALCR",NA,20.5,"L"
"DALTON","52_1",1,10,"BENE",NA,24.5,"L"
"DALTON","52_1",1,10,"PIME",0.4,NA,"L"
"DALTON","52_1",1,10,"SALIX",NA,8,"L"
"DALTON","52_1",1,10,"POTR",NA,10,"L"
"DALTON","52_1",1,10,"ALCR",NA,7,"L"
"DALTON","7_3",3,1,"BENE",0.6,NA,"L"
"DALTON","7_3",3,1,"SALIX",NA,4,"L"
"DALTON","7_3",3,1,"ALCR",NA,5,"L"
"DALTON","7_3",3,2,"BENE",0.6,NA,"L"
"DALTON","7_3",3,2,"SALIX",1.5,NA,"L"
"DALTON","7_3",3,2,"ALCR",0.75,NA,"L"
"DALTON","7_3",3,3,"BENE",1.1,NA,"L"
"DALTON","7_3",3,3,"SALIX",NA,5,"L"
"DALTON","7_3",3,3,"ALCR",0.7,NA,"L"
"DALTON","7_3",3,4,"BENE",0.5,NA,"L"
"DALTON","7_3",3,4,"SALIX",0.4,NA,"L"
"DALTON","7_3",3,4,"ALCR",1.2,NA,"L"
"DALTON","7_3",3,5,"BENE",0.6,NA,"L"
"DALTON","7_3",3,5,"SALIX",1.35,NA,"L"
"DALTON","7_3",3,5,"ALCR",1,NA,"L"
"DALTON","7_3",3,6,"BENE",0.6,NA,"L"
"DALTON","7_3",3,6,"SALIX",1.4,NA,"L"
"DALTON","7_3",3,6,"ALCR",1.4,NA,"L"
"DALTON","7_3",3,7,"BENE",4.4,NA,"L"
"DALTON","7_3",3,7,"SALIX",1,NA,"L"
"DALTON","7_3",3,7,"ALCR",2.2,NA,"L"
"DALTON","7_3",3,8,"BENE",0.7,NA,"L"
"DALTON","7_3",3,8,"SALIX",1.55,NA,"L"
"DALTON","7_3",3,8,"ALCR",1.1,NA,"L"
"DALTON","7_3",3,9,"BENE",0.76,NA,"L"
"DALTON","7_3",3,9,"SALIX",0.9,NA,"L"
"DALTON","7_3",3,9,"ALCR",2.1,NA,"L"
"DALTON","7_3",3,10,"BENE",0.7,NA,"D"
"DALTON","7_3",3,10,"SALIX",1,NA,"L"
"DALTON","7_3",3,10,"ALCR",1.5,NA,"L"
"DALTON","37_3",3,1,"BENE",2.55,NA,"L"
"DALTON","37_3",3,1,"SALIX",0.5,NA,"D"
"DALTON","37_3",3,1,"ALCR",2.1,NA,"L"
"DALTON","37_3",3,2,"BENE",0.9,NA,"L"
"DALTON","37_3",3,2,"SALIX",1,NA,"L"
"DALTON","37_3",3,2,"ALCR",2.2,NA,"L"
"DALTON","37_3",3,3,"BENE",0.4,NA,"L"
"DALTON","37_3",3,3,"SALIX",0.94,NA,"L"
"DALTON","37_3",3,3,"ALCR",1.45,NA,"L"
"DALTON","37_3",3,4,"BENE",0.8,NA,"L"
"DALTON","37_3",3,4,"SALIX",0.6,NA,"L"
"DALTON","37_3",3,4,"ALCR",1.2,NA,"L"
"DALTON","37_3",3,5,"BENE",2.15,NA,"L"
"DALTON","37_3",3,5,"SALIX",1.6,NA,"L"
"DALTON","37_3",3,5,"ALCR",3.6,NA,"L"
"DALTON","37_3",3,6,"BENE",3.1,NA,"L"
"DALTON","37_3",3,6,"SALIX",1.05,NA,"L"
"DALTON","37_3",3,6,"ALCR",3.9,NA,"L"
"DALTON","37_3",3,6,"UKN",1.5,NA,"D"
"DALTON","37_3",3,7,"BENE",1.1,NA,"L"
"DALTON","37_3",3,7,"SALIX",1.2,NA,"L"
"DALTON","37_3",3,7,"ALCR",4.1,NA,"L"
"DALTON","37_3",3,8,"BENE",2.7,NA,"L"
"DALTON","37_3",3,8,"SALIX",1.9,NA,"L"
"DALTON","37_3",3,8,"ALCR",2.8,NA,"L"
"DALTON","37_3",3,9,"BENE",1.3,NA,"L"
"DALTON","37_3",3,9,"SALIX",2.9,NA,"L"
"DALTON","37_3",3,9,"ALCR",0.7,NA,"L"
"DALTON","37_3",3,10,"BENE",0.2,NA,"L"
"DALTON","37_3",3,10,"SALIX",0.9,NA,"L"
"DALTON","37_3",3,10,"ALCR",0.6,NA,"L"
"DALTON","14_3",3,1,"BENE",1,NA,"L"
"DALTON","14_3",3,1,"SALIX",2.3,NA,"L"
"DALTON","14_3",3,1,"ALCR",2.6,NA,"L"
"DALTON","14_3",3,2,"BENE",0.4,NA,"L"
"DALTON","14_3",3,2,"SALIX",2.16,NA,"L"
"DALTON","14_3",3,2,"ALCR",1.6,NA,"L"
"DALTON","14_3",3,3,"BENE",1.2,NA,"L"
"DALTON","14_3",3,3,"SALIX",0.9,NA,"L"
"DALTON","14_3",3,3,"ALCR",0.9,NA,"L"
"DALTON","14_3",3,4,"BENE",1.25,NA,"L"
"DALTON","14_3",3,4,"SALIX",2.2,NA,"L"
"DALTON","14_3",3,4,"ALCR",3,NA,"L"
"DALTON","14_3",3,5,"BENE",2.5,NA,"L"
"DALTON","14_3",3,5,"SALIX",1.4,NA,"L"
"DALTON","14_3",3,5,"ALCR",3.1,NA,"L"
"DALTON","14_3",3,6,"BENE",0.9,NA,"L"
"DALTON","14_3",3,6,"SALIX",1.5,NA,"L"
"DALTON","14_3",3,6,"ALCR",0.5,NA,"L"
"DALTON","14_3",3,7,"BENE",3.1,NA,"L"
"DALTON","14_3",3,7,"SALIX",1,NA,"L"
"DALTON","14_3",3,7,"ALCR",5.2,NA,"L"
"DALTON","14_3",3,8,"BENE",3.2,NA,"L"
"DALTON","14_3",3,8,"SALIX",0.7,NA,"L"
"DALTON","14_3",3,8,"ALCR",2,NA,"L"
"DALTON","14_3",3,9,"BENE",4.2,NA,"L"
"DALTON","14_3",3,9,"SALIX",1.2,NA,"L"
"DALTON","14_3",3,9,"ALCR",0.65,NA,"L"
"DALTON","14_3",3,10,"BENE",1.33,NA,"L"
"DALTON","14_3",3,10,"SALIX",1.4,NA,"L"
"DALTON","14_3",3,10,"ALCR",1.45,NA,"L"
"DALTON","55_3",3,1,"BENE",0.4,NA,"L"
"DALTON","55_4",3,1,"SALIX",1.3,NA,"L"
"DALTON","55_5",3,1,"ALCR",3.3,NA,"L"
"DALTON","55_6",3,2,"BENE",0.35,NA,"L"
"DALTON","55_7",3,2,"SALIX",1.2,NA,"L"
"DALTON","55_8",3,2,"ALCR",2.5,NA,"L"
"DALTON","55_9",3,3,"BENE",0.8,NA,"L"
"DALTON","55_10",3,3,"SALIX",1.45,NA,"L"
"DALTON","55_11",3,3,"ALCR",5.8,NA,"L"
"DALTON","55_12",3,4,"BENE",1,NA,"L"
"DALTON","55_13",3,4,"SALIX",1.05,NA,"L"
"DALTON","55_14",3,4,"ALCR",1.46,NA,"L"
"DALTON","55_15",3,4,"UKN",0.6,NA,"D"
"DALTON","55_16",3,5,"BENE",0.75,NA,"L"
"DALTON","55_17",3,5,"SALIX",2.2,NA,"L"
"DALTON","55_18",3,5,"ALCR",4.04,NA,"L"
"DALTON","55_19",3,6,"BENE",1.25,NA,"L"
"DALTON","55_20",3,6,"SALIX",0.97,NA,"L"
"DALTON","55_21",3,6,"ALCR",NA,27,"L"
"DALTON","55_22",3,7,"BENE",0.48,NA,"L"
"DALTON","55_23",3,7,"SALIX",1.44,NA,"L"
"DALTON","55_24",3,7,"ALCR",4.2,NA,"L"
"DALTON","55_25",3,8,"BENE",0.65,NA,"L"
"DALTON","55_26",3,8,"SALIX",2,NA,"L"
"DALTON","55_27",3,8,"ALCR",5.84,NA,"L"
"DALTON","55_28",3,9,"BENE",0.36,NA,"L"
"DALTON","55_29",3,9,"SALIX",1.9,NA,"L"
"DALTON","55_30",3,9,"ALCR",NA,17,"L"
"DALTON","55_31",3,10,"BENE",0.9,NA,"L"
"DALTON","55_32",3,10,"SALIX",1.13,NA,"L"
"DALTON","55_33",3,10,"ALCR",7.8,NA,"L"
"DALTON","15_3",3,1,"BENE",0.7,NA,"L"
"DALTON","15_3",3,1,"SALIX",3,NA,"L"
"DALTON","15_3",3,1,"ALCR",3.13,NA,"L"
"DALTON","15_3",3,1,"POTR",NA,18.5,"L"
"DALTON","15_3",3,2,"BENE",0.4,NA,"L"
"DALTON","15_3",3,2,"SALIX",NA,22,"L"
"DALTON","15_3",3,2,"ALCR",4.17,NA,"L"
"DALTON","15_3",3,3,"BENE",0.55,NA,"L"
"DALTON","15_3",3,3,"SALIX",NA,20.5,"L"
"DALTON","15_3",3,3,"ALCR",4.1,NA,"L"
"DALTON","15_3",3,4,"BENE",0.4,NA,"L"
"DALTON","15_3",3,4,"SALIX",2.1,NA,"L"
"DALTON","15_3",3,4,"ALCR",4.2,NA,"L"
"DALTON","15_3",3,5,"BENE",0.45,NA,"L"
"DALTON","15_3",3,5,"SALIX",3.76,NA,"L"
"DALTON","15_3",3,5,"ALCR",5.7,NA,"L"
"DALTON","15_3",3,6,"BENE",0.33,NA,"L"
"DALTON","15_3",3,6,"SALIX",4.92,NA,"L"
"DALTON","15_3",3,6,"ALCR",4.4,NA,"L"
"DALTON","15_3",3,7,"BENE",0.6,NA,"L"
"DALTON","15_3",3,7,"SALIX",5.3,NA,"L"
"DALTON","15_3",3,7,"ALCR",1.5,NA,"L"
"DALTON","15_3",3,8,"BENE",0.45,NA,"L"
"DALTON","15_3",3,8,"SALIX",3.36,NA,"L"
"DALTON","15_3",3,8,"ALCR",2,NA,"L"
"DALTON","15_3",3,9,"BENE",0.6,NA,"L"
"DALTON","15_3",3,9,"SALIX",1.4,NA,"L"
"DALTON","15_3",3,9,"ALCR",NA,30,"L"
"DALTON","15_3",3,10,"BENE",0.5,NA,"L"
"DALTON","15_3",3,10,"SALIX",2.1,NA,"L"
"DALTON","15_3",3,10,"ALCR",2.1,NA,"L"
"DALTON","54_3",3,1,"BENE",1.7,NA,"L"
"DALTON","54_3",3,1,"SALIX",1.5,NA,"L"
"DALTON","54_3",3,1,"POTR",NA,33,"L"
"DALTON","54_3",3,2,"BENE",0.9,NA,"L"
"DALTON","54_3",3,2,"SALIX",1.76,NA,"L"
"DALTON","54_3",3,2,"POTR",1.9,NA,"L"
"DALTON","54_3",3,3,"BENE",0.68,NA,"L"
"DALTON","54_3",3,3,"SALIX",3,NA,"L"
"DALTON","54_3",3,3,"POTR",7.3,NA,"L"
"DALTON","54_3",3,3,"PIME",1.8,NA,"D"
"DALTON","54_3",3,4,"BENE",0.7,NA,"L"
"DALTON","54_3",3,4,"SALIX",2,NA,"L"
"DALTON","54_3",3,4,"POTR",1.6,NA,"L"
"DALTON","54_3",3,5,"BENE",1.1,NA,"L"
"DALTON","54_3",3,5,"SALIX",2.4,NA,"L"
"DALTON","54_3",3,5,"POTR",9.36,NA,"L"
"DALTON","54_3",3,6,"BENE",2.3,NA,"L"
"DALTON","54_3",3,6,"SALIX",2.6,NA,"L"
"DALTON","54_3",3,6,"POTR",2.9,NA,"L"
"DALTON","54_3",3,7,"BENE",1,NA,"L"
"DALTON","54_3",3,7,"SALIX",1.07,NA,"L"
"DALTON","54_3",3,7,"POTR",5,NA,"L"
"DALTON","54_3",3,8,"BENE",0.45,NA,"L"
"DALTON","54_3",3,8,"SALIX",0.5,NA,"L"
"DALTON","54_3",3,8,"POTR",4.3,NA,"L"
"DALTON","54_3",3,9,"BENE",1.33,NA,"L"
"DALTON","54_3",3,9,"SALIX",2.8,NA,"L"
"DALTON","54_3",3,9,"POTR",13.9,NA,"L"
"DALTON","54_3",3,10,"BENE",1,NA,"L"
"DALTON","54_3",3,10,"SALIX",2.57,NA,"L"
"DALTON","54_3",3,10,"POTR",13.37,NA,"L"
"DALTON","41_1",1,1,"BENE",NA,9.5,"L"
"DALTON","41_1",1,1,"SALIX",0.6,NA,"L"
"DALTON","41_1",1,1,"POTR",NA,40.5,"L"
"DALTON","41_1",1,1,"PIME",1.65,NA,"D"
"DALTON","41_1",1,1,"ALCR",NA,24.5,"L"
"DALTON","41_1",1,2,"BENE",1,NA,"D"
"DALTON","41_1",1,2,"SALIX",1.83,NA,"L"
"DALTON","41_1",1,2,"POTR",3,NA,"L"
"DALTON","41_1",1,2,"PIME",1.6,NA,"D"
"DALTON","41_1",1,2,"ALCR",NA,39,"L"
"DALTON","41_1",1,3,"BENE",4.2,NA,"L"
"DALTON","41_1",1,3,"SALIX",NA,19,"L"
"DALTON","41_1",1,3,"POTR",4.5,NA,"L"
"DALTON","41_1",1,3,"PIME",2.2,NA,"D"
"DALTON","41_1",1,3,"ALCR",NA,58,"L"
"DALTON","41_1",1,4,"BENE",0.5,NA,"L"
"DALTON","41_1",1,4,"SALIX",2.1,NA,"L"
"DALTON","41_1",1,4,"POTR",NA,32,"L"
"DALTON","41_1",1,4,"PIME",0.8,NA,"D"
"DALTON","41_1",1,4,"ALCR",2.7,NA,"L"
"DALTON","41_1",1,5,"BENE",1.3,NA,"L"
"DALTON","41_1",1,5,"SALIX",1.8,NA,"L"
"DALTON","41_1",1,5,"POTR",NA,36,"L"
"DALTON","41_1",1,5,"PIME",1.53,NA,"D"
"DALTON","41_1",1,5,"ALCR",NA,64.5,"L"
"DALTON","41_1",1,6,"BENE",2.3,NA,"L"
"DALTON","41_1",1,6,"SALIX",3.8,NA,"L"
"DALTON","41_1",1,6,"POTR",NA,34,"L"
"DALTON","41_1",1,6,"PIME",0.6,NA,"D"
"DALTON","41_1",1,6,"ALCR",NA,70.5,"L"
"DALTON","41_1",1,7,"BENE",4.6,NA,"L"
"DALTON","41_1",1,7,"SALIX",0.57,NA,"L"
"DALTON","41_1",1,7,"POTR",4.4,NA,"L"
"DALTON","41_1",1,7,"PIME",1.3,NA,"D"
"DALTON","41_1",1,7,"ALCR",NA,24.5,"L"
"DALTON","41_1",1,8,"BENE",NA,22,"L"
"DALTON","41_1",1,8,"SALIX",3.6,NA,"L"
"DALTON","41_1",1,8,"POTR",NA,25.5,"L"
"DALTON","41_1",1,8,"PIME",1.4,NA,"D"
"DALTON","41_1",1,8,"ALCR",NA,19.5,"L"
"DALTON","41_1",1,9,"BENE",1,NA,"D"
"DALTON","41_1",1,9,"SALIX",2.1,NA,"L"
"DALTON","41_1",1,9,"POTR",NA,34.5,"L"
"DALTON","41_1",1,9,"PIME",1.8,NA,"D"
"DALTON","41_1",1,9,"ALCR",NA,52,"L"
"DALTON","41_1",1,10,"BENE",NA,13.1,"D"
"DALTON","41_1",1,10,"SALIX",NA,18,"L"
"DALTON","41_1",1,10,"POTR",NA,16.5,"L"
"DALTON","41_1",1,10,"PIME",2.9,NA,"D"
"DALTON","41_1",1,10,"ALCR",NA,59,"L"
"DALTON","48_1",1,1,"BENE",1.1,NA,"L"
"DALTON","48_1",1,1,"SALIX",2.13,NA,"L"
"DALTON","48_1",1,1,"POTR",2.9,NA,"L"
"DALTON","48_1",1,1,"PIME",1.8,NA,"D"
"DALTON","48_1",1,1,"ALCR",4.33,NA,"L"
"DALTON","48_1",1,2,"BENE",1.63,NA,"L"
"DALTON","48_1",1,2,"SALIX",0.95,NA,"L"
"DALTON","48_1",1,2,"POTR",NA,20,"L"
"DALTON","48_1",1,2,"PIME",1.65,NA,"D"
"DALTON","48_1",1,2,"ALCR",NA,67,"L"
"DALTON","48_1",1,3,"BENE",2.4,NA,"L"
"DALTON","48_1",1,3,"SALIX",2.2,NA,"L"
"DALTON","48_1",1,3,"POTR",NA,29,"L"
"DALTON","48_1",1,3,"PIME",1.58,NA,"D"
"DALTON","48_1",1,3,"ALCR",NA,23,"L"
"DALTON","48_1",1,4,"BENE",0.94,NA,"L"
"DALTON","48_1",1,4,"SALIX",0.85,NA,"L"
"DALTON","48_1",1,4,"POTR",3.8,NA,"L"
"DALTON","48_1",1,4,"PIME",1.3,NA,"D"
"DALTON","48_1",1,4,"ALCR",NA,24,"L"
"DALTON","48_1",1,5,"BENE",2.9,NA,"L"
"DALTON","48_1",1,5,"SALIX",1,NA,"L"
"DALTON","48_1",1,5,"POTR",NA,15.5,"L"
"DALTON","48_1",1,5,"PIME",1.48,NA,"L"
"DALTON","48_1",1,5,"ALCR",NA,33.5,"L"
"DALTON","48_1",1,6,"BENE",0.45,NA,"L"
"DALTON","48_1",1,6,"SALIX",0.35,NA,"L"
"DALTON","48_1",1,6,"POTR",3.4,NA,"L"
"DALTON","48_1",1,6,"PIME",1.6,NA,"D"
"DALTON","48_1",1,6,"ALCR",1.65,NA,"L"
"DALTON","48_1",1,7,"BENE",0.8,NA,"L"
"DALTON","48_1",1,7,"SALIX",3.1,NA,"L"
"DALTON","48_1",1,7,"POTR",4.9,NA,"L"
"DALTON","48_1",1,7,"PIME",2.9,NA,"D"
"DALTON","48_1",1,7,"ALCR",NA,42,"L"
"DALTON","48_1",1,8,"BENE",0.67,NA,"L"
"DALTON","48_1",1,8,"SALIX",0.64,NA,"L"
"DALTON","48_1",1,8,"POTR",0.56,NA,"L"
"DALTON","48_1",1,8,"PIME",1.44,NA,"D"
"DALTON","48_1",1,8,"ALCR",4.52,NA,"L"
"DALTON","48_1",1,9,"BENE",1.47,NA,"L"
"DALTON","48_1",1,9,"SALIX",1.2,NA,"L"
"DALTON","48_1",1,9,"POTR",4.54,NA,"L"
"DALTON","48_1",1,9,"PIME",0.8,NA,"D"
"DALTON","48_1",1,9,"ALCR",NA,36.5,"L"
"DALTON","48_1",1,10,"BENE",1.3,NA,"L"
"DALTON","48_1",1,10,"SALIX",2.41,NA,"L"
"DALTON","48_1",1,10,"POTR",4.3,NA,"L"
"DALTON","48_1",1,10,"PIME",2.15,NA,"D"
"DALTON","48_1",1,10,"ALCR",NA,39,"L"
"DALTON","40_2",2,1,"BENE",NA,16,"L"
"DALTON","40_2",2,1,"SALIX",3,NA,"L"
"DALTON","40_2",2,1,"PIME",NA,15.5,"D"
"DALTON","40_2",2,1,"ALCR",3,NA,"L"
"DALTON","40_2",2,1,"POTR",NA,37,"L"
"DALTON","40_2",2,2,"BENE",2.86,NA,"L"
"DALTON","40_2",2,2,"SALIX",1,NA,"L"
"DALTON","40_2",2,2,"PIME",1.1,NA,"L"
"DALTON","40_2",2,2,"ALCR",NA,46.5,"L"
"DALTON","40_2",2,2,"POTR",4.5,NA,"L"
"DALTON","40_2",2,3,"BENE",3.4,NA,"L"
"DALTON","40_2",2,3,"SALIX",3.2,NA,"L"
"DALTON","40_2",2,3,"PIME",1,NA,"D"
"DALTON","40_2",2,3,"ALCR",NA,26.5,"L"
"DALTON","40_2",2,3,"POTR",5.1,NA,"L"
"DALTON","40_2",2,4,"BENE",3.3,NA,"L"
"DALTON","40_2",2,4,"SALIX",2.87,NA,"L"
"DALTON","40_2",2,4,"PIME",3.74,NA,"D"
"DALTON","40_2",2,4,"ALCR",4.3,NA,"L"
"DALTON","40_2",2,4,"POTR",NA,52.5,"L"
"DALTON","40_2",2,5,"BENE",1.25,NA,"L"
"DALTON","40_2",2,5,"SALIX",2.7,NA,"L"
"DALTON","40_2",2,5,"PIME",3.45,NA,"L"
"DALTON","40_2",2,5,"ALCR",NA,37,"L"
"DALTON","40_2",2,5,"POTR",1.26,NA,"L"
"DALTON","40_2",2,6,"BENE",2.7,NA,"L"
"DALTON","40_2",2,6,"SALIX",1.4,NA,"L"
"DALTON","40_2",2,6,"PIME",3.1,NA,"L"
"DALTON","40_2",2,6,"ALCR",NA,35.25,"L"
"DALTON","40_2",2,6,"POTR",2.01,NA,"L"
"DALTON","40_2",2,7,"BENE",2.8,NA,"L"
"DALTON","40_2",2,7,"SALIX",2.8,NA,"L"
"DALTON","40_2",2,7,"PIME",3.4,NA,"L"
"DALTON","40_2",2,7,"ALCR",8.1,NA,"L"
"DALTON","40_2",2,7,"POTR",3.2,NA,"L"
"DALTON","40_2",2,8,"BENE",1,NA,"L"
"DALTON","40_2",2,8,"SALIX",2.3,NA,"L"
"DALTON","40_2",2,8,"PIME",2,NA,"D"
"DALTON","40_2",2,8,"ALCR",NA,46,"L"
"DALTON","40_2",2,8,"POTR",5.5,NA,"L"
"DALTON","40_2",2,9,"BENE",3.05,NA,"L"
"DALTON","40_2",2,9,"SALIX",4,NA,"L"
"DALTON","40_2",2,9,"PIME",1.76,NA,"L"
"DALTON","40_2",2,9,"ALCR",2.15,NA,"L"
"DALTON","40_2",2,9,"POTR",2.74,NA,"L"
"DALTON","40_2",2,10,"BENE",3.6,NA,"L"
"DALTON","40_2",2,10,"SALIX",2.8,NA,"L"
"DALTON","40_2",2,10,"PIME",2.6,NA,"D"
"DALTON","40_2",2,10,"ALCR",2.6,NA,"L"
"DALTON","40_2",2,10,"POTR",2.7,NA,"L"
"DALTON","42_1",1,1,"BENE",3.54,NA,"L"
"DALTON","42_1",1,1,"PIME",0.5,NA,"D"
"DALTON","42_1",1,1,"SALIX",1.6,NA,"L"
"DALTON","42_1",1,1,"ALCR",3.7,NA,"L"
"DALTON","42_1",1,2,"BENE",3.3,NA,"L"
"DALTON","42_1",1,2,"PIME",1.3,NA,"D"
"DALTON","42_1",1,2,"SALIX",NA,31,"L"
"DALTON","42_1",1,2,"ALCR",5.5,NA,"L"
"DALTON","42_1",1,3,"BENE",2.7,NA,"L"
"DALTON","42_1",1,3,"PIME",0.64,NA,"D"
"DALTON","42_1",1,3,"SALIX",NA,33.5,"L"
"DALTON","42_1",1,3,"ALCR",7.4,NA,"L"
"DALTON","42_1",1,4,"BENE",1.35,NA,"L"
"DALTON","42_1",1,4,"PIME",0.8,NA,"D"
"DALTON","42_1",1,4,"SALIX",1.4,NA,"L"
"DALTON","42_1",1,4,"ALCR",NA,31,"L"
"DALTON","42_1",1,5,"BENE",1.57,NA,"L"
"DALTON","42_1",1,5,"PIME",1,NA,"D"
"DALTON","42_1",1,5,"SALIX",NA,21.5,"L"
"DALTON","42_1",1,5,"ALCR",NA,47,"L"
"DALTON","42_1",1,6,"BENE",1.97,NA,"L"
"DALTON","42_1",1,6,"PIME",0.4,NA,"D"
"DALTON","42_1",1,6,"SALIX",2.25,NA,"L"
"DALTON","42_1",1,6,"ALCR",4.6,NA,"L"
"DALTON","42_1",1,7,"BENE",1.65,NA,"L"
"DALTON","42_1",1,7,"PIME",1.3,NA,"L"
"DALTON","42_1",1,7,"SALIX",5.28,NA,"L"
"DALTON","42_1",1,7,"ALCR",2.6,NA,"L"
"DALTON","42_1",1,8,"BENE",4.4,NA,"L"
"DALTON","42_1",1,8,"PIME",1.18,NA,"D"
"DALTON","42_1",1,8,"SALIX",NA,15,"L"
"DALTON","42_1",1,8,"ALCR",NA,37.5,"L"
"DALTON","42_1",1,9,"BENE",3.14,NA,"L"
"DALTON","42_1",1,9,"PIME",1.43,NA,"D"
"DALTON","42_1",1,9,"SALIX",NA,19.5,"L"
"DALTON","42_1",1,9,"ALCR",NA,32,"L"
"DALTON","42_1",1,10,"BENE",2.46,NA,"L"
"DALTON","42_1",1,10,"PIME",1.5,NA,"D"
"DALTON","42_1",1,10,"SALIX",NA,20,"L"
"DALTON","42_1",1,10,"ALCR",NA,30.5,"L"
"DALTON","65_1",1,1,"BENE",4.6,NA,"L"
"DALTON","65_1",1,1,"SALIX",2.8,NA,"L"
"DALTON","65_1",1,1,"ALCR",0.7,NA,"L"
"DALTON","65_1",1,1,"PIME",0.95,NA,"D"
"DALTON","65_1",1,2,"BENE",5.5,NA,"L"
"DALTON","65_1",1,2,"SALIX",1.5,NA,"L"
"DALTON","65_1",1,2,"ALCR",1.3,NA,"L"
"DALTON","65_1",1,2,"PIME",0.72,NA,"D"
"DALTON","65_1",1,3,"BENE",4.95,NA,"L"
"DALTON","65_1",1,3,"SALIX",0.9,NA,"L"
"DALTON","65_1",1,3,"ALCR",NA,19.5,"L"
"DALTON","65_1",1,3,"PIME",1.1,NA,"D"
"DALTON","65_1",1,4,"BENE",NA,26,"L"
"DALTON","65_1",1,4,"SALIX",1.2,NA,"L"
"DALTON","65_1",1,4,"ALCR",4.4,NA,"L"
"DALTON","65_1",1,4,"PIME",1.8,NA,"D"
"DALTON","65_1",1,5,"BENE",4.1,NA,"L"
"DALTON","65_1",1,5,"SALIX",1.11,NA,"L"
"DALTON","65_1",1,5,"ALCR",NA,15.5,"L"
"DALTON","65_1",1,5,"PIME",1.33,NA,"D"
"DALTON","65_1",1,6,"BENE",22,NA,"L"
"DALTON","65_1",1,6,"SALIX",1.06,NA,"L"
"DALTON","65_1",1,6,"ALCR",2.4,NA,"L"
"DALTON","65_1",1,6,"PIME",2.82,NA,"D"
"DALTON","65_1",1,7,"BENE",1.9,NA,"L"
"DALTON","65_1",1,7,"SALIX",0.74,NA,"L"
"DALTON","65_1",1,7,"ALCR",1.12,NA,"L"
"DALTON","65_1",1,7,"PIME",1.2,NA,"L"
"DALTON","65_1",1,8,"BENE",NA,23,"L"
"DALTON","65_1",1,8,"SALIX",1.8,NA,"L"
"DALTON","65_1",1,8,"ALCR",2.3,NA,"L"
"DALTON","65_1",1,8,"PIME",0.9,NA,"D"
"DALTON","65_1",1,9,"BENE",5.3,NA,"L"
"DALTON","65_1",1,9,"SALIX",2.7,NA,"L"
"DALTON","65_1",1,9,"ALCR",3.6,NA,"L"
"DALTON","65_1",1,9,"PIME",0.66,NA,"D"
"DALTON","65_1",1,10,"BENE",3.55,NA,"L"
"DALTON","65_1",1,10,"SALIX",0.87,NA,"L"
"DALTON","65_1",1,10,"ALCR",7.9,NA,"L"
"DALTON","65_1",1,10,"PIME",0.8,NA,"D"
"DALTON","64_1",1,1,"BENE",4.3,NA,"L"
"DALTON","64_1",1,1,"SALIX",5.7,NA,"L"
"DALTON","64_1",1,1,"ALCR",2.1,NA,"L"
"DALTON","64_1",1,1,"PIME",0.9,NA,"D"
"DALTON","64_1",1,2,"BENE",4.1,NA,"L"
"DALTON","64_1",1,2,"SALIX",2.4,NA,"L"
"DALTON","64_1",1,2,"ALCR",1.6,NA,"L"
"DALTON","64_1",1,2,"PIME",1.5,NA,"D"
"DALTON","64_1",1,3,"BENE",2.8,NA,"L"
"DALTON","64_1",1,3,"SALIX",2.1,NA,"L"
"DALTON","64_1",1,3,"ALCR",3.3,NA,"L"
"DALTON","64_1",1,3,"PIME",0.84,NA,"D"
"DALTON","64_1",1,4,"BENE",3,NA,"L"
"DALTON","64_1",1,4,"SALIX",5.2,NA,"L"
"DALTON","64_1",1,4,"ALCR",1.65,NA,"L"
"DALTON","64_1",1,4,"PIME",1.55,NA,"D"
"DALTON","64_1",1,5,"BENE",2.6,NA,"L"
"DALTON","64_1",1,5,"SALIX",4.4,NA,"L"
"DALTON","64_1",1,5,"ALCR",1.4,NA,"L"
"DALTON","64_1",1,5,"PIME",1.3,NA,"D"
"DALTON","64_1",1,6,"BENE",2.8,NA,"L"
"DALTON","64_1",1,6,"SALIX",2.1,NA,"L"
"DALTON","64_1",1,6,"ALCR",1.7,NA,"L"
"DALTON","64_1",1,6,"PIME",0.4,NA,"D"
"DALTON","64_1",1,7,"BENE",2.6,NA,"L"
"DALTON","64_1",1,7,"SALIX",6.6,NA,"L"
"DALTON","64_1",1,7,"ALCR",1.7,NA,"L"
"DALTON","64_1",1,7,"PIME",1.8,NA,"D"
"DALTON","64_1",1,8,"BENE",2.8,NA,"L"
"DALTON","64_1",1,8,"SALIX",3.4,NA,"L"
"DALTON","64_1",1,8,"ALCR",2.7,NA,"L"
"DALTON","64_1",1,8,"PIME",1.2,NA,"D"
"DALTON","64_1",1,9,"BENE",3.5,NA,"L"
"DALTON","64_1",1,9,"SALIX",4.01,NA,"L"
"DALTON","64_1",1,9,"ALCR",2.11,NA,"L"
"DALTON","64_1",1,9,"PIME",1.86,NA,"D"
"DALTON","64_1",1,10,"BENE",3.84,NA,"L"
"DALTON","64_1",1,10,"SALIX",5.4,NA,"L"
"DALTON","64_1",1,10,"ALCR",4.6,NA,"L"
"DALTON","64_1",1,10,"PIME",1.5,NA,"D"
"DALTON","50_1",1,1,"BENE",0.9,NA,"L"
"DALTON","50_1",1,1,"SALIX",5.6,NA,"L"
"DALTON","50_1",1,1,"PIME",3.83,NA,"D"
"DALTON","50_1",1,1,"ALCR",1.9,NA,"L"
"DALTON","50_1",1,2,"BENE",2.34,NA,"L"
"DALTON","50_1",1,2,"SALIX",1.38,NA,"L"
"DALTON","50_1",1,2,"PIME",2.57,NA,"D"
"DALTON","50_1",1,2,"ALCR",2.25,NA,"L"
"DALTON","50_1",1,3,"BENE",1,NA,"L"
"DALTON","50_1",1,3,"SALIX",1,NA,"L"
"DALTON","50_1",1,3,"PIME",6.4,NA,"D"
"DALTON","50_1",1,3,"ALCR",1.1,NA,"L"
"DALTON","50_1",1,4,"BENE",0.77,NA,"L"
"DALTON","50_1",1,4,"SALIX",1.8,NA,"L"
"DALTON","50_1",1,4,"PIME",4,NA,"D"
"DALTON","50_1",1,4,"ALCR",1.07,NA,"L"
"DALTON","50_1",1,5,"BENE",1.4,NA,"L"
"DALTON","50_1",1,5,"SALIX",2.34,NA,"L"
"DALTON","50_1",1,5,"PIME",4.27,NA,"D"
"DALTON","50_1",1,5,"ALCR",5.55,NA,"L"
"DALTON","50_1",1,6,"BENE",1.64,NA,"L"
"DALTON","50_1",1,6,"SALIX",1.5,NA,"L"
"DALTON","50_1",1,6,"PIME",2.3,NA,"D"
"DALTON","50_1",1,6,"ALCR",1.8,NA,"L"
"DALTON","50_1",1,7,"BENE",0.6,NA,"L"
"DALTON","50_1",1,7,"SALIX",0.6,NA,"L"
"DALTON","50_1",1,7,"PIME",NA,43,"D"
"DALTON","50_1",1,7,"ALCR",2.1,NA,"L"
"DALTON","50_1",1,8,"BENE",1.6,NA,"L"
"DALTON","50_1",1,8,"SALIX",1.36,NA,"L"
"DALTON","50_1",1,8,"PIME",3.35,NA,"D"
"DALTON","50_1",1,8,"ALCR",2.3,NA,"L"
"DALTON","50_1",1,9,"BENE",0.9,NA,"L"
"DALTON","50_1",1,9,"SALIX",3.2,NA,"L"
"DALTON","50_1",1,9,"PIME",0.5,NA,"D"
"DALTON","50_1",1,9,"ALCR",3.57,NA,"L"
"DALTON","50_1",1,10,"BENE",0.45,NA,"L"
"DALTON","50_1",1,10,"SALIX",2.54,NA,"L"
"DALTON","50_1",1,10,"PIME",3.33,NA,"D"
"DALTON","50_1",1,10,"ALCR",2.7,NA,"L"
"DALTON","12_1",1,1,"BENE",0.8,NA,"L"
"DALTON","12_1",1,1,"SALIX",1.2,NA,"L"
"DALTON","12_1",1,1,"PIME",5.5,NA,"D"
"DALTON","12_1",1,1,"ALCR",1.75,NA,"L"
"DALTON","12_1",1,2,"BENE",1.1,NA,"L"
"DALTON","12_1",1,2,"SALIX",2,NA,"L"
"DALTON","12_1",1,2,"PIME",NA,20.5,"D"
"DALTON","12_1",1,2,"ALCR",2.53,NA,"L"
"DALTON","12_1",1,3,"BENE",1.2,NA,"L"
"DALTON","12_1",1,3,"SALIX",0.65,NA,"L"
"DALTON","12_1",1,3,"PIME",4.26,NA,"D"
"DALTON","12_1",1,3,"ALCR",4.3,NA,"L"
"DALTON","12_1",1,4,"BENE",1.1,NA,"L"
"DALTON","12_1",1,4,"SALIX",1.5,NA,"L"
"DALTON","12_1",1,4,"PIME",NA,20.5,"D"
"DALTON","12_1",1,4,"ALCR",0.95,NA,"L"
"DALTON","12_1",1,5,"BENE",0.7,NA,"L"
"DALTON","12_1",1,5,"SALIX",1.1,NA,"L"
"DALTON","12_1",1,5,"PIME",NA,31.5,"D"
"DALTON","12_1",1,5,"ALCR",1.96,NA,"L"
"DALTON","12_1",1,6,"BENE",0.77,NA,"L"
"DALTON","12_1",1,6,"SALIX",0.3,NA,"L"
"DALTON","12_1",1,6,"PIME",NA,21.4,"D"
"DALTON","12_1",1,6,"ALCR",2.81,NA,"L"
"DALTON","12_1",1,7,"BENE",0.5,NA,"L"
"DALTON","12_1",1,7,"SALIX",1.12,NA,"L"
"DALTON","12_1",1,7,"PIME",NA,28,"D"
"DALTON","12_1",1,7,"ALCR",0.5,NA,"L"
"DALTON","12_1",1,8,"BENE",0.45,NA,"L"
"DALTON","12_1",1,8,"SALIX",1.82,NA,"L"
"DALTON","12_1",1,8,"PIME",NA,54.5,"D"
"DALTON","12_1",1,8,"ALCR",1.2,NA,"L"
"DALTON","12_1",1,9,"BENE",1.12,NA,"L"
"DALTON","12_1",1,9,"SALIX",0.55,NA,"L"
"DALTON","12_1",1,9,"PIME",NA,30,"D"
"DALTON","12_1",1,9,"ALCR",2.09,NA,"L"
"DALTON","12_1",1,10,"BENE",1.6,NA,"L"
"DALTON","12_1",1,10,"SALIX",2.38,NA,"L"
"DALTON","12_1",1,10,"PIME",1.8,NA,"D"
"DALTON","12_1",1,10,"ALCR",4.5,NA,"L"
"DALTON","56_2",2,1,"BENE",0.67,NA,"L"
"DALTON","56_2",2,1,"SALIX",1.37,NA,"L"
"DALTON","56_2",2,1,"ALCR",2.32,NA,"L"
"DALTON","56_2",2,1,"PIME",NA,21.5,"L"
"DALTON","56_2",2,2,"BENE",1.33,NA,"L"
"DALTON","56_2",2,2,"SALIX",1.16,NA,"L"
"DALTON","56_2",2,2,"ALCR",0.9,NA,"L"
"DALTON","56_2",2,2,"PIME",6.99,NA,"L"
"DALTON","56_2",2,3,"BENE",0.6,NA,"L"
"DALTON","56_2",2,3,"SALIX",0.6,NA,"L"
"DALTON","56_2",2,3,"ALCR",2.6,NA,"L"
"DALTON","56_2",2,3,"PIME",4.71,NA,"L"
"DALTON","56_2",2,4,"BENE",0.5,NA,"L"
"DALTON","56_2",2,4,"SALIX",1.26,NA,"L"
"DALTON","56_2",2,4,"ALCR",0.64,NA,"L"
"DALTON","56_2",2,4,"PIME",5.58,NA,"L"
"DALTON","56_2",2,5,"BENE",0.52,NA,"L"
"DALTON","56_2",2,5,"SALIX",0.69,NA,"L"
"DALTON","56_2",2,5,"ALCR",0.75,NA,"L"
"DALTON","56_2",2,5,"PIME",3.69,NA,"L"
"DALTON","56_2",2,6,"BENE",1.03,NA,"L"
"DALTON","56_2",2,6,"SALIX",1,NA,"L"
"DALTON","56_2",2,6,"ALCR",1.5,NA,"L"
"DALTON","56_2",2,6,"PIME",6.76,NA,"L"
"DALTON","56_2",2,7,"BENE",0.46,NA,"L"
"DALTON","56_2",2,7,"SALIX",0.73,NA,"L"
"DALTON","56_2",2,7,"ALCR",3.63,NA,"L"
"DALTON","56_2",2,7,"PIME",4.02,NA,"L"
"DALTON","56_2",2,8,"BENE",0.78,NA,"L"
"DALTON","56_2",2,8,"SALIX",1.95,NA,"L"
"DALTON","56_2",2,8,"ALCR",4.31,NA,"L"
"DALTON","56_2",2,8,"PIME",1.7,NA,"L"
"DALTON","56_2",2,9,"BENE",0.93,NA,"L"
"DALTON","56_2",2,9,"SALIX",0.9,NA,"L"
"DALTON","56_2",2,9,"ALCR",1.82,NA,"L"
"DALTON","56_2",2,9,"PIME",5.26,NA,"L"
"DALTON","56_2",2,10,"BENE",0.99,NA,"L"
"DALTON","56_2",2,10,"SALIX",1.21,NA,"L"
"DALTON","56_2",2,10,"ALCR",1.43,NA,"L"
"DALTON","56_2",2,10,"PIME",0.93,NA,"L"
"DALTON","57_2",2,1,"BENE",0.71,NA,"L"
"DALTON","57_3",2,1,"SALIX",2.9,NA,"L"
"DALTON","57_4",2,1,"ALCR",6.4,NA,"L"
"DALTON","57_5",2,1,"PIME",4.56,NA,"L"
"DALTON","57_6",2,2,"BENE",0.94,NA,"L"
"DALTON","57_7",2,2,"SALIX",0.2,NA,"L"
"DALTON","57_8",2,2,"ALCR",2.9,NA,"L"
"DALTON","57_9",2,2,"PIME",1.4,NA,"D"
"DALTON","57_10",2,3,"BENE",0.65,NA,"L"
"DALTON","57_11",2,3,"SALIX",2.44,NA,"L"
"DALTON","57_12",2,3,"ALCR",NA,32,"L"
"DALTON","57_13",2,3,"PIME",NA,19,"D"
"DALTON","57_14",2,4,"BENE",0.5,NA,"L"
"DALTON","57_15",2,4,"SALIX",0.8,NA,"L"
"DALTON","57_16",2,4,"ALCR",2.73,NA,"L"
"DALTON","57_17",2,4,"PIME",1.5,NA,"D"
"DALTON","57_18",2,5,"BENE",0.46,NA,"L"
"DALTON","57_19",2,5,"SALIX",4.9,NA,"L"
"DALTON","57_20",2,5,"ALCR",11.4,NA,"L"
"DALTON","57_21",2,5,"PIME",15.24,NA,"D"
"DALTON","57_22",2,6,"BENE",1.1,NA,"L"
"DALTON","57_23",2,6,"SALIX",0.7,NA,"L"
"DALTON","57_24",2,6,"ALCR",1.66,NA,"L"
"DALTON","57_25",2,6,"PIME",2.55,NA,"D"
"DALTON","57_26",2,7,"BENE",0.64,NA,"L"
"DALTON","57_27",2,7,"SALIX",3.31,NA,"L"
"DALTON","57_28",2,7,"ALCR",5.94,NA,"L"
"DALTON","57_29",2,7,"PIME",4.67,NA,"L"
"DALTON","57_30",2,8,"BENE",0.43,NA,"L"
"DALTON","57_31",2,8,"SALIX",4.87,NA,"L"
"DALTON","57_32",2,8,"ALCR",2.3,NA,"L"
"DALTON","57_33",2,8,"PIME",4.4,NA,"D"
"DALTON","57_34",2,9,"BENE",0.8,NA,"L"
"DALTON","57_35",2,9,"SALIX",1.82,NA,"L"
"DALTON","57_36",2,9,"ALCR",15.6,NA,"L"
"DALTON","57_37",2,9,"PIME",NA,NA,""
"DALTON","57_38",2,10,"BENE",1.15,NA,"L"
"DALTON","57_39",2,10,"SALIX",2.58,NA,"L"
"DALTON","57_40",2,10,"ALCR",14.2,NA,"L"
"DALTON","57_41",2,10,"PIME",9,NA,"L"
"DALTON","47_2",2,1,"BENE",1.28,NA,"L"
"DALTON","47_2",2,1,"SALIX",0.85,NA,"L"
"DALTON","47_2",2,1,"PIME",4.75,NA,"D"
"DALTON","47_2",2,1,"ALCR",0.89,NA,"L"
"DALTON","47_2",2,2,"BENE",1.18,NA,"L"
"DALTON","47_2",2,2,"SALIX",0.8,NA,"L"
"DALTON","47_2",2,2,"PIME",2.26,NA,"D"
"DALTON","47_2",2,2,"ALCR",4.73,NA,"L"
"DALTON","47_2",2,3,"BENE",0.6,NA,"L"
"DALTON","47_2",2,3,"SALIX",0.65,NA,"L"
"DALTON","47_2",2,3,"PIME",3.71,NA,"D"
"DALTON","47_2",2,3,"ALCR",1.74,NA,"L"
"DALTON","47_2",2,4,"BENE",1.29,NA,"L"
"DALTON","47_2",2,4,"SALIX",1.21,NA,"L"
"DALTON","47_2",2,4,"PIME",NA,32.5,"D"
"DALTON","47_2",2,4,"ALCR",2.94,NA,"L"
"DALTON","47_2",2,5,"BENE",1.14,NA,"L"
"DALTON","47_2",2,5,"SALIX",0.54,NA,"L"
"DALTON","47_2",2,5,"PIME",3.42,NA,"L"
"DALTON","47_2",2,5,"ALCR",7.04,NA,"L"
"DALTON","47_2",2,6,"BENE",2.87,NA,"L"
"DALTON","47_2",2,6,"SALIX",0.6,NA,"L"
"DALTON","47_2",2,6,"PIME",3.73,NA,"D"
"DALTON","47_2",2,6,"ALCR",1.53,NA,"L"
"DALTON","47_2",2,7,"BENE",1.85,NA,"L"
"DALTON","47_2",2,7,"SALIX",0.55,NA,"L"
"DALTON","47_2",2,7,"PIME",1.48,NA,"D"
"DALTON","47_2",2,7,"ALCR",2.65,NA,"L"
"DALTON","47_2",2,8,"BENE",2.53,NA,"L"
"DALTON","47_2",2,8,"SALIX",1.11,NA,"L"
"DALTON","47_2",2,8,"PIME",1.62,NA,"D"
"DALTON","47_2",2,8,"ALCR",2.74,NA,"L"
"DALTON","47_2",2,9,"BENE",2.09,NA,"L"
"DALTON","47_2",2,9,"SALIX",0.84,NA,"L"
"DALTON","47_2",2,9,"PIME",NA,27,"D"
"DALTON","47_2",2,9,"ALCR",0.8,NA,"L"
"DALTON","47_2",2,10,"BENE",0.57,NA,"L"
"DALTON","47_2",2,10,"SALIX",1.2,NA,"L"
"DALTON","47_2",2,10,"PIME",NA,36,"D"
"DALTON","47_2",2,10,"ALCR",0.66,NA,"L"
"STEESE","17_3",3,1,"BENE",8.62,NA,"L"
"STEESE","17_3",3,1,"POTR",0.55,NA,"L"
"STEESE","17_3",3,1,"SALIX",0.45,NA,"L"
"STEESE","17_3",3,1,"PIME",8.4,NA,"D"
"STEESE","17_3",3,1,"ARCTO",5.9,NA,"L"
"STEESE","17_3",3,2,"BENE",1.99,NA,"L"
"STEESE","17_3",3,2,"POTR",1.08,NA,"L"
"STEESE","17_3",3,2,"SALIX",0.56,NA,"L"
"STEESE","17_3",3,2,"PIME",1.72,NA,"L"
"STEESE","17_3",3,2,"ARCTO",2.74,NA,"L"
"STEESE","17_3",3,3,"BENE",2.79,NA,"L"
"STEESE","17_3",3,3,"POTR",0.37,NA,"L"
"STEESE","17_3",3,3,"SALIX",0.58,NA,"L"
"STEESE","17_3",3,3,"PIME",2.2,NA,"L"
"STEESE","17_3",3,3,"ARCTO",6.14,NA,"L"
"STEESE","17_3",3,4,"BENE",8,NA,"L"
"STEESE","17_3",3,4,"POTR",0.5,NA,"L"
"STEESE","17_3",3,4,"SALIX",0.5,NA,"L"
"STEESE","17_3",3,4,"PIME",4.86,NA,"L"
"STEESE","17_3",3,4,"ARCTO",6.66,NA,"L"
"STEESE","17_3",3,5,"BENE",10.17,NA,"L"
"STEESE","17_3",3,5,"POTR",0.5,NA,"L"
"STEESE","17_3",3,5,"SALIX",0.73,NA,"L"
"STEESE","17_3",3,5,"PIME",5.12,NA,"D"
"STEESE","17_3",3,5,"ARCTO",3.8,NA,"L"
"STEESE","17_3",3,6,"BENE",8.8,NA,"L"
"STEESE","17_3",3,6,"POTR",1.24,NA,"L"
"STEESE","17_3",3,6,"SALIX",0.63,NA,"L"
"STEESE","17_3",3,6,"PIME",2.48,NA,"L"
"STEESE","17_3",3,6,"ARCTO",1.9,NA,"L"
"STEESE","17_3",3,7,"BENE",10.5,NA,"L"
"STEESE","17_3",3,7,"POTR",0.8,NA,"L"
"STEESE","17_3",3,7,"SALIX",0.8,NA,"L"
"STEESE","17_3",3,7,"PIME",1.8,NA,"L"
"STEESE","17_3",3,7,"ARCTO",4.3,NA,"L"
"STEESE","17_3",3,8,"BENE",5.1,NA,"L"
"STEESE","17_3",3,8,"POTR",0.76,NA,"L"
"STEESE","17_3",3,8,"SALIX",0.54,NA,"L"
"STEESE","17_3",3,8,"PIME",4.84,NA,"D"
"STEESE","17_3",3,8,"ARCTO",3.7,NA,"L"
"STEESE","17_3",3,9,"BENE",4.3,NA,"L"
"STEESE","17_3",3,9,"POTR",1.07,NA,"L"
"STEESE","17_3",3,9,"SALIX",0.64,NA,"L"
"STEESE","17_3",3,9,"PIME",4.1,NA,"D"
"STEESE","17_3",3,9,"ARCTO",6.24,NA,"L"
"STEESE","17_3",3,10,"BENE",2.45,NA,"L"
"STEESE","17_3",3,10,"POTR",0.74,NA,"L"
"STEESE","17_3",3,10,"SALIX",1.17,NA,"L"
"STEESE","17_3",3,10,"PIME",1,NA,"D"
"STEESE","17_3",3,10,"ARCTO",3,NA,"L"
"STEESE","22_3",3,1,"BENE",7.14,NA,"L"
"STEESE","22_3",3,1,"POTR",1.8,NA,"L"
"STEESE","22_3",3,1,"SALIX",0.57,NA,"L"
"STEESE","22_3",3,1,"PIME",9.6,NA,"L"
"STEESE","22_3",3,1,"ARCTO",4.5,NA,"L"
"STEESE","22_3",3,1,"ALCR",5.63,NA,"L"
"STEESE","22_3",3,2,"BENE",2,NA,"L"
"STEESE","22_3",3,2,"POTR",1.17,NA,"L"
"STEESE","22_3",3,2,"SALIX",0.66,NA,"L"
"STEESE","22_3",3,2,"PIME",6.6,NA,"L"
"STEESE","22_3",3,2,"ARCTO",1.93,NA,"L"
"STEESE","22_3",3,2,"ALCR",10.03,NA,"L"
"STEESE","22_3",3,3,"BENE",1.3,NA,"L"
"STEESE","22_3",3,3,"POTR",1.24,NA,"L"
"STEESE","22_3",3,3,"SALIX",1.2,NA,"L"
"STEESE","22_3",3,3,"PIME",1.2,NA,"L"
"STEESE","22_3",3,3,"ARCTO",3.7,NA,"L"
"STEESE","22_3",3,3,"ALCR",5.16,NA,"L"
"STEESE","22_3",3,4,"BENE",1.5,NA,"L"
"STEESE","22_3",3,4,"POTR",0.95,NA,"L"
"STEESE","22_3",3,4,"SALIX",4.4,NA,"L"
"STEESE","22_3",3,4,"PIME",7.1,NA,"L"
"STEESE","22_3",3,4,"ARCTO",4.2,NA,"L"
"STEESE","22_3",3,4,"ALCR",9.9,NA,"L"
"STEESE","22_3",3,5,"BENE",4.15,NA,"L"
"STEESE","22_3",3,5,"POTR",1.74,NA,"L"
"STEESE","22_3",3,5,"SALIX",0.74,NA,"L"
"STEESE","22_3",3,5,"PIME",8.9,NA,"L"
"STEESE","22_3",3,5,"ARCTO",5.3,NA,"L"
"STEESE","22_3",3,5,"ALCR",12.65,NA,"L"
"STEESE","22_3",3,6,"BENE",5.6,NA,"L"
"STEESE","22_3",3,6,"POTR",1.27,NA,"L"
"STEESE","22_3",3,6,"SALIX",1,NA,"L"
"STEESE","22_3",3,6,"PIME",12.87,NA,"L"
"STEESE","22_3",3,6,"ARCTO",9.6,NA,"L"
"STEESE","22_3",3,6,"ALCR",NA,51,"L"
"STEESE","22_3",3,7,"BENE",5.73,NA,"L"
"STEESE","22_3",3,7,"POTR",0.67,NA,"L"
"STEESE","22_3",3,7,"SALIX",0.82,NA,"L"
"STEESE","22_3",3,7,"PIME",4.2,NA,"L"
"STEESE","22_3",3,7,"ARCTO",2.1,NA,"L"
"STEESE","22_3",3,7,"ALCR",9.8,NA,"L"
"STEESE","22_3",3,8,"BENE",8.83,NA,"L"
"STEESE","22_3",3,8,"POTR",0.54,NA,"L"
"STEESE","22_3",3,8,"SALIX",0.52,NA,"L"
"STEESE","22_3",3,8,"PIME",11.6,NA,"L"
"STEESE","22_3",3,8,"ARCTO",7.9,NA,"L"
"STEESE","22_3",3,8,"ALCR",NA,51,"L"
"STEESE","22_3",3,9,"BENE",3.6,NA,"L"
"STEESE","22_3",3,9,"POTR",1.38,NA,"L"
"STEESE","22_3",3,9,"SALIX",1.74,NA,"L"
"STEESE","22_3",3,9,"PIME",13.15,NA,"L"
"STEESE","22_3",3,9,"ARCTO",1.9,NA,"L"
"STEESE","22_3",3,9,"ALCR",NA,41.5,"L"
"STEESE","22_3",3,10,"BENE",5.28,NA,"L"
"STEESE","22_3",3,10,"POTR",0.54,NA,"L"
"STEESE","22_3",3,10,"SALIX",0.56,NA,"L"
"STEESE","22_3",3,10,"PIME",15.5,NA,"L"
"STEESE","22_3",3,10,"ARCTO",0.61,NA,"L"
"STEESE","22_3",3,10,"ALCR",17.12,NA,"L"
"STEESE","23_3",3,1,"BENE",2.66,NA,"L"
"STEESE","23_3",3,1,"POTR",2.1,NA,"L"
"STEESE","23_3",3,1,"SALIX",1.05,NA,"L"
"STEESE","23_3",3,1,"ARCTO",NA,36,"L"
"STEESE","23_3",3,1,"PIME",8.63,NA,"L"
"STEESE","23_3",3,2,"BENE",4.56,NA,"L"
"STEESE","23_3",3,2,"POTR",1.83,NA,"L"
"STEESE","23_3",3,2,"SALIX",2.86,NA,"L"
"STEESE","23_3",3,2,"ARCTO",1.37,NA,"L"
"STEESE","23_3",3,2,"PIME",NA,42.5,"D"
"STEESE","23_3",3,3,"BENE",3.1,NA,"L"
"STEESE","23_3",3,3,"POTR",1.42,NA,"L"
"STEESE","23_3",3,3,"SALIX",1.76,NA,"L"
"STEESE","23_3",3,3,"ARCTO",4.57,NA,"L"
"STEESE","23_3",3,3,"PIME",NA,30.5,"L"
"STEESE","23_3",3,4,"BENE",2.6,NA,"L"
"STEESE","23_3",3,4,"POTR",3.1,NA,"L"
"STEESE","23_3",3,4,"SALIX",0.91,NA,"L"
"STEESE","23_3",3,4,"ARCTO",2.57,NA,"L"
"STEESE","23_3",3,4,"PIME",NA,57,"D"
"STEESE","23_3",3,5,"BENE",1.74,NA,"L"
"STEESE","23_3",3,5,"POTR",1.33,NA,"L"
"STEESE","23_3",3,5,"SALIX",0.82,NA,"L"
"STEESE","23_3",3,5,"ARCTO",2.11,NA,"L"
"STEESE","23_3",3,5,"PIME",NA,24.5,"D"
"STEESE","23_3",3,6,"BENE",4.93,NA,"L"
"STEESE","23_3",3,6,"POTR",1.16,NA,"L"
"STEESE","23_3",3,6,"SALIX",0.58,NA,"L"
"STEESE","23_3",3,6,"ARCTO",5.5,NA,"L"
"STEESE","23_3",3,6,"PIME",9.43,NA,"L"
"STEESE","23_3",3,7,"BENE",4.37,NA,"L"
"STEESE","23_3",3,7,"POTR",1.03,NA,"L"
"STEESE","23_3",3,7,"SALIX",0.85,NA,"L"
"STEESE","23_3",3,7,"ARCTO",8.4,NA,"L"
"STEESE","23_3",3,7,"PIME",NA,55.5,"L"
"STEESE","23_3",3,8,"BENE",3.45,NA,"L"
"STEESE","23_3",3,8,"POTR",2.57,NA,"L"
"STEESE","23_3",3,8,"SALIX",0.92,NA,"L"
"STEESE","23_3",3,8,"ARCTO",4.08,NA,"L"
"STEESE","23_3",3,8,"PIME",NA,53.5,"L"
"STEESE","23_3",3,9,"BENE",2.68,NA,"L"
"STEESE","23_3",3,9,"POTR",1.88,NA,"L"
"STEESE","23_3",3,9,"SALIX",1.12,NA,"L"
"STEESE","23_3",3,9,"ARCTO",2.17,NA,"L"
"STEESE","23_3",3,9,"PIME",2.45,NA,"D"
"STEESE","23_3",3,10,"BENE",2.4,NA,"L"
"STEESE","23_3",3,10,"POTR",0.64,NA,"L"
"STEESE","23_3",3,10,"SALIX",1.4,NA,"L"
"STEESE","23_3",3,10,"ARCTO",3.74,NA,"L"
"STEESE","23_3",3,10,"PIME",NA,27,"L"
"STEESE","2_3",3,1,"BENE",1.9,NA,"L"
"STEESE","2_3",3,1,"POTR",1.07,NA,"L"
"STEESE","2_3",3,1,"SALIX",1.27,NA,"L"
"STEESE","2_3",3,1,"ARCTO",3.24,NA,"L"
"STEESE","2_3",3,2,"BENE",2.7,NA,"L"
"STEESE","2_3",3,2,"POTR",0.6,NA,"L"
"STEESE","2_3",3,2,"SALIX",2.2,NA,"L"
"STEESE","2_3",3,2,"ARCTO",7.8,NA,"L"
"STEESE","2_3",3,3,"BENE",3.4,NA,"L"
"STEESE","2_3",3,3,"POTR",1.56,NA,"L"
"STEESE","2_3",3,3,"SALIX",0.92,NA,"L"
"STEESE","2_3",3,3,"ARCTO",6.6,NA,"L"
"STEESE","2_3",3,4,"BENE",1.99,NA,"L"
"STEESE","2_3",3,4,"POTR",1.62,NA,"L"
"STEESE","2_3",3,4,"SALIX",2.73,NA,"L"
"STEESE","2_3",3,4,"ARCTO",10.5,NA,"L"
"STEESE","2_3",3,5,"BENE",1.38,NA,"L"
"STEESE","2_3",3,5,"POTR",1.03,NA,"L"
"STEESE","2_3",3,5,"SALIX",1.15,NA,"L"
"STEESE","2_3",3,5,"ARCTO",1.9,NA,"L"
"STEESE","2_3",3,6,"BENE",3.2,NA,"L"
"STEESE","2_3",3,6,"POTR",0.8,NA,"L"
"STEESE","2_3",3,6,"SALIX",0.8,NA,"L"
"STEESE","2_3",3,6,"ARCTO",8.55,NA,"L"
"STEESE","2_3",3,7,"BENE",4.45,NA,"L"
"STEESE","2_3",3,7,"POTR",1.02,NA,"L"
"STEESE","2_3",3,7,"SALIX",1.78,NA,"L"
"STEESE","2_3",3,7,"ARCTO",3.9,NA,"L"
"STEESE","2_3",3,8,"BENE",0.94,NA,"L"
"STEESE","2_3",3,8,"POTR",1.23,NA,"L"
"STEESE","2_3",3,8,"SALIX",1.82,NA,"L"
"STEESE","2_3",3,8,"ARCTO",4.54,NA,"L"
"STEESE","2_3",3,9,"BENE",2.1,NA,"L"
"STEESE","2_3",3,9,"POTR",1.2,NA,"L"
"STEESE","2_3",3,9,"SALIX",1.53,NA,"L"
"STEESE","2_3",3,9,"ARCTO",9.6,NA,"L"
"STEESE","2_3",3,10,"BENE",2.65,NA,"L"
"STEESE","2_3",3,10,"POTR",0.7,NA,"L"
"STEESE","2_3",3,10,"SALIX",0.74,NA,"L"
"STEESE","2_3",3,10,"ARCTO",9.7,NA,"L"
"STEESE","24_3",3,1,"POTR",0.57,NA,"L"
"STEESE","24_3",3,1,"SALIX",1.11,NA,"L"
"STEESE","24_3",3,1,"BENE",2.68,NA,"L"
"STEESE","24_3",3,2,"POTR",0.67,NA,"L"
"STEESE","24_3",3,2,"SALIX",0.74,NA,"L"
"STEESE","24_3",3,2,"BENE",3.1,NA,"L"
"STEESE","24_3",3,3,"POTR",0.58,NA,"L"
"STEESE","24_3",3,3,"SALIX",1.1,NA,"L"
"STEESE","24_3",3,3,"BENE",1.62,NA,"L"
"STEESE","24_3",3,4,"POTR",0.86,NA,"L"
"STEESE","24_3",3,4,"SALIX",0.54,NA,"L"
"STEESE","24_3",3,4,"BENE",4.01,NA,"L"
"STEESE","24_3",3,5,"POTR",1.48,NA,"L"
"STEESE","24_3",3,5,"SALIX",0.97,NA,"L"
"STEESE","24_3",3,5,"BENE",4.03,NA,"L"
"STEESE","24_3",3,6,"POTR",0.83,NA,"L"
"STEESE","24_3",3,6,"SALIX",0.56,NA,"L"
"STEESE","24_3",3,6,"BENE",0.65,NA,"L"
"STEESE","24_3",3,7,"POTR",0.07,NA,"L"
"STEESE","24_3",3,7,"SALIX",0.77,NA,"L"
"STEESE","24_3",3,7,"BENE",0.66,NA,"L"
"STEESE","24_3",3,8,"POTR",0.64,NA,"L"
"STEESE","24_3",3,8,"SALIX",1.21,NA,"L"
"STEESE","24_3",3,8,"BENE",1.47,NA,"L"
"STEESE","24_3",3,9,"POTR",0.58,NA,"L"
"STEESE","24_3",3,9,"SALIX",0.55,NA,"L"
"STEESE","24_3",3,9,"BENE",2.64,NA,"L"
"STEESE","24_3",3,10,"POTR",0.72,NA,"L"
"STEESE","24_3",3,10,"SALIX",0.74,NA,"L"
"STEESE","24_3",3,10,"BENE",5.5,NA,"L"
"STEESE","19_2",2,1,"PIME",1.58,NA,"D"
"STEESE","19_2",2,1,"SALIX",1.7,NA,"L"
"STEESE","19_2",2,1,"BENE",5.5,NA,"L"
"STEESE","19_2",2,1,"POTR",1.53,NA,"L"
"STEESE","19_2",2,1,"ALCR",8.9,NA,"L"
"STEESE","19_2",2,2,"PIME",0.88,NA,"D"
"STEESE","19_2",2,2,"SALIX",0.6,NA,"L"
"STEESE","19_2",2,2,"BENE",3.09,NA,"L"
"STEESE","19_2",2,2,"POTR",4.7,NA,"L"
"STEESE","19_2",2,2,"ALCR",NA,54.5,"L"
"STEESE","19_2",2,3,"PIME",0.4,NA,"D"
"STEESE","19_2",2,3,"SALIX",2.35,NA,"L"
"STEESE","19_2",2,3,"BENE",1.9,NA,"L"
"STEESE","19_2",2,3,"POTR",1.1,NA,"L"
"STEESE","19_2",2,3,"ALCR",NA,48,"L"
"STEESE","19_2",2,4,"PIME",0.76,NA,"D"
"STEESE","19_2",2,4,"SALIX",1.1,NA,"L"
"STEESE","19_2",2,4,"BENE",2.94,NA,"L"
"STEESE","19_2",2,4,"POTR",2.21,NA,"L"
"STEESE","19_2",2,4,"ALCR",4.9,NA,"L"
"STEESE","19_2",2,5,"PIME",0.1,NA,"D"
"STEESE","19_2",2,5,"SALIX",0.67,NA,"L"
"STEESE","19_2",2,5,"BENE",3.98,NA,"L"
"STEESE","19_2",2,5,"POTR",4.55,NA,"L"
"STEESE","19_2",2,5,"ALCR",NA,52,"L"
"STEESE","19_2",2,6,"PIME",0.63,NA,"D"
"STEESE","19_2",2,6,"SALIX",1.24,NA,"L"
"STEESE","19_2",2,6,"BENE",0.97,NA,"L"
"STEESE","19_2",2,6,"POTR",4.7,NA,"L"
"STEESE","19_2",2,6,"ALCR",5.8,NA,"L"
"STEESE","19_2",2,7,"PIME",0.64,NA,"D"
"STEESE","19_2",2,7,"SALIX",1.62,NA,"L"
"STEESE","19_2",2,7,"BENE",0.68,NA,"L"
"STEESE","19_2",2,7,"POTR",1.9,NA,"L"
"STEESE","19_2",2,7,"ALCR",NA,36,"L"
"STEESE","19_2",2,8,"PIME",0.71,NA,"D"
"STEESE","19_2",2,8,"SALIX",1.49,NA,"L"
"STEESE","19_2",2,8,"BENE",2,NA,"L"
"STEESE","19_2",2,8,"POTR",0.6,NA,"L"
"STEESE","19_2",2,8,"ALCR",3.63,NA,"L"
"STEESE","19_2",2,9,"PIME",0.54,NA,"D"
"STEESE","19_2",2,9,"SALIX",1.24,NA,"L"
"STEESE","19_2",2,9,"BENE",2.12,NA,"L"
"STEESE","19_2",2,9,"POTR",1.46,NA,"L"
"STEESE","19_2",2,9,"ALCR",NA,40,"L"
"STEESE","19_2",2,10,"PIME",0.68,NA,"D"
"STEESE","19_2",2,10,"SALIX",0.67,NA,"L"
"STEESE","19_2",2,10,"BENE",2.93,NA,"L"
"STEESE","19_2",2,10,"POTR",3.75,NA,"L"
"STEESE","19_2",2,10,"ALCR",NA,36.5,"L"
"STEESE","3_2",2,1,"BENE",4.2,NA,"L"
"STEESE","3_2",2,1,"POTR",0.8,NA,"L"
"STEESE","3_2",2,1,"ARCTO",2.97,NA,"L"
"STEESE","3_2",2,1,"PIME",0.7,NA,"D"
"STEESE","3_2",2,1,"ALCR",3.95,NA,"L"
"STEESE","3_2",2,2,"BENE",2.43,NA,"L"
"STEESE","3_2",2,2,"POTR",3.83,NA,"L"
"STEESE","3_2",2,2,"ARCTO",6.77,NA,"L"
"STEESE","3_2",2,2,"PIME",0.3,NA,"D"
"STEESE","3_2",2,2,"ALCR",0.6,NA,"L"
"STEESE","3_2",2,3,"BENE",0.64,NA,"L"
"STEESE","3_2",2,3,"POTR",2.55,NA,"L"
"STEESE","3_2",2,3,"ARCTO",3.12,NA,"L"
"STEESE","3_2",2,3,"PIME",0.37,NA,"D"
"STEESE","3_2",2,3,"ALCR",6.52,NA,"L"
"STEESE","3_2",2,4,"BENE",2.36,NA,"L"
"STEESE","3_2",2,4,"POTR",4.54,NA,"L"
"STEESE","3_2",2,4,"ARCTO",3.24,NA,"L"
"STEESE","3_2",2,4,"PIME",0.66,NA,"L"
"STEESE","3_2",2,4,"ALCR",2.94,NA,"L"
"STEESE","3_2",2,5,"BENE",2.27,NA,"L"
"STEESE","3_2",2,5,"POTR",2.82,NA,"L"
"STEESE","3_2",2,5,"ARCTO",2.91,NA,"L"
"STEESE","3_2",2,5,"PIME",0.77,NA,"D"
"STEESE","3_2",2,5,"ALCR",9.15,NA,"L"
"STEESE","3_2",2,6,"BENE",1.64,NA,"L"
"STEESE","3_2",2,6,"POTR",3.3,NA,"L"
"STEESE","3_2",2,6,"ARCTO",5.35,NA,"L"
"STEESE","3_2",2,6,"PIME",0.7,NA,"D"
"STEESE","3_2",2,6,"ALCR",7.42,NA,"L"
"STEESE","3_2",2,7,"BENE",2.84,NA,"L"
"STEESE","3_2",2,7,"POTR",1.55,NA,"L"
"STEESE","3_2",2,7,"ARCTO",2.97,NA,"L"
"STEESE","3_2",2,7,"PIME",1.1,NA,"L"
"STEESE","3_2",2,7,"ALCR",0.74,NA,"L"
"STEESE","3_2",2,8,"BENE",1.24,NA,"L"
"STEESE","3_2",2,8,"POTR",7,NA,"L"
"STEESE","3_2",2,8,"ARCTO",2.1,NA,"L"
"STEESE","3_2",2,8,"PIME",1.7,NA,"D"
"STEESE","3_2",2,8,"ALCR",3.5,NA,"L"
"STEESE","3_2",2,9,"BENE",1.89,NA,"L"
"STEESE","3_2",2,9,"POTR",4.45,NA,"L"
"STEESE","3_2",2,9,"ARCTO",2.5,NA,"L"
"STEESE","3_2",2,9,"PIME",1.44,NA,"D"
"STEESE","3_2",2,9,"ALCR",4.93,NA,"L"
"STEESE","3_2",2,10,"BENE",2.52,NA,"L"
"STEESE","3_2",2,10,"POTR",5.73,NA,"L"
"STEESE","3_2",2,10,"ARCTO",4.53,NA,"L"
"STEESE","3_2",2,10,"PIME",1.05,NA,"D"
"STEESE","3_2",2,10,"ALCR",7,NA,"L"
"STEESE","26_2",2,1,"BENE",1.9,NA,"L"
"STEESE","26_2",2,1,"POTR",0.42,NA,"L"
"STEESE","26_2",2,1,"ARCTO",4.5,NA,"L"
"STEESE","26_2",2,1,"PIME",1.5,NA,"L"
"STEESE","26_2",2,1,"ALCR",1.73,NA,"L"
"STEESE","26_2",2,1,"SALIX",0.6,NA,"L"
"STEESE","26_2",2,2,"BENE",0.9,NA,"L"
"STEESE","26_2",2,2,"POTR",1.58,NA,"L"
"STEESE","26_2",2,2,"ARCTO",1.33,NA,"L"
"STEESE","26_2",2,2,"PIME",3.2,NA,"L"
"STEESE","26_2",2,2,"ALCR",5.35,NA,"L"
"STEESE","26_2",2,2,"SALIX",0.76,NA,"L"
"STEESE","26_2",2,3,"BENE",0.8,NA,"L"
"STEESE","26_2",2,3,"POTR",0.39,NA,"L"
"STEESE","26_2",2,3,"ARCTO",1.68,NA,"L"
"STEESE","26_2",2,3,"PIME",1.54,NA,"D"
"STEESE","26_2",2,3,"ALCR",1.62,NA,"L"
"STEESE","26_2",2,3,"SALIX",0.7,NA,"L"
"STEESE","26_2",2,4,"BENE",0.49,NA,"L"
"STEESE","26_2",2,4,"POTR",1.1,NA,"L"
"STEESE","26_2",2,4,"ARCTO",2.3,NA,"L"
"STEESE","26_2",2,4,"PIME",1.36,NA,"L"
"STEESE","26_2",2,4,"ALCR",3.4,NA,"L"
"STEESE","26_2",2,4,"SALIX",0.74,NA,"L"
"STEESE","26_2",2,5,"BENE",0.74,NA,"L"
"STEESE","26_2",2,5,"POTR",1.3,NA,"L"
"STEESE","26_2",2,5,"ARCTO",NA,27,"L"
"STEESE","26_2",2,5,"PIME",1,NA,"D"
"STEESE","26_2",2,5,"ALCR",4.5,NA,"L"
"STEESE","26_2",2,5,"SALIX",0.4,NA,"L"
"STEESE","26_2",2,6,"BENE",1.73,NA,"L"
"STEESE","26_2",2,6,"POTR",2,NA,"L"
"STEESE","26_2",2,6,"ARCTO",0.87,NA,"L"
"STEESE","26_2",2,6,"PIME",1.51,NA,"D"
"STEESE","26_2",2,6,"ALCR",1.2,NA,"L"
"STEESE","26_2",2,6,"SALIX",1.62,NA,"L"
"STEESE","26_2",2,7,"BENE",1.2,NA,"L"
"STEESE","26_2",2,7,"POTR",1.3,NA,"L"
"STEESE","26_2",2,7,"ARCTO",2.58,NA,"L"
"STEESE","26_2",2,7,"PIME",0.7,NA,"L"
"STEESE","26_2",2,7,"ALCR",3.4,NA,"L"
"STEESE","26_2",2,7,"SALIX",1,NA,"L"
"STEESE","26_2",2,8,"BENE",1.5,NA,"L"
"STEESE","26_2",2,8,"POTR",0.9,NA,"L"
"STEESE","26_2",2,8,"ARCTO",1.45,NA,"L"
"STEESE","26_2",2,8,"PIME",0.97,NA,"L"
"STEESE","26_2",2,8,"ALCR",1.45,NA,"L"
"STEESE","26_2",2,8,"SALIX",1.92,NA,"L"
"STEESE","26_2",2,9,"BENE",0.77,NA,"L"
"STEESE","26_2",2,9,"POTR",0.6,NA,"L"
"STEESE","26_2",2,9,"ARCTO",2.2,NA,"L"
"STEESE","26_2",2,9,"PIME",1.12,NA,"L"
"STEESE","26_2",2,9,"ALCR",1.17,NA,"L"
"STEESE","26_2",2,9,"SALIX",0.99,NA,"L"
"STEESE","26_2",2,10,"BENE",0.5,NA,"L"
"STEESE","26_2",2,10,"POTR",0.57,NA,"L"
"STEESE","26_2",2,10,"ARCTO",2.55,NA,"L"
"STEESE","26_2",2,10,"PIME",0.81,NA,"L"
"STEESE","26_2",2,10,"ALCR",0.6,NA,"L"
"STEESE","26_2",2,10,"SALIX",0.99,NA,"L"
"STEESE","4_2",2,1,"BENE",1.15,NA,"L"
"STEESE","4_2",2,1,"PIME",1.15,NA,"D"
"STEESE","4_2",2,1,"POTR",1.9,NA,"L"
"STEESE","4_2",2,1,"SALIX",NA,24.5,"L"
"STEESE","4_2",2,1,"ALCR",7.8,NA,"L"
"STEESE","4_2",2,2,"BENE",0.6,NA,"L"
"STEESE","4_2",2,2,"PIME",0.84,NA,"D"
"STEESE","4_2",2,2,"POTR",5.6,NA,"L"
"STEESE","4_2",2,2,"SALIX",2.1,NA,"L"
"STEESE","4_2",2,2,"ALCR",NA,50.5,"L"
"STEESE","4_2",2,3,"BENE",1.97,NA,"L"
"STEESE","4_2",2,3,"PIME",0.53,NA,"D"
"STEESE","4_2",2,3,"POTR",NA,16,"L"
"STEESE","4_2",2,3,"SALIX",1.96,NA,"L"
"STEESE","4_2",2,3,"ALCR",NA,30.5,"L"
"STEESE","4_2",2,4,"BENE",1.4,NA,"L"
"STEESE","4_2",2,4,"PIME",0.5,NA,"D"
"STEESE","4_2",2,4,"POTR",2.13,NA,"L"
"STEESE","4_2",2,4,"SALIX",NA,28.5,"L"
"STEESE","4_2",2,4,"ALCR",NA,22,"L"
"STEESE","4_2",2,5,"BENE",2.24,NA,"L"
"STEESE","4_2",2,5,"PIME",0.34,NA,"D"
"STEESE","4_2",2,5,"POTR",6.04,NA,"L"
"STEESE","4_2",2,5,"SALIX",2.85,NA,"L"
"STEESE","4_2",2,5,"ALCR",NA,29,"L"
"STEESE","4_2",2,6,"BENE",2.45,NA,"L"
"STEESE","4_2",2,6,"PIME",0.55,NA,"D"
"STEESE","4_2",2,6,"POTR",NA,22,"L"
"STEESE","4_2",2,6,"SALIX",4.6,NA,"L"
"STEESE","4_2",2,6,"ALCR",NA,31,"L"
"STEESE","4_2",2,7,"BENE",0.6,NA,"L"
"STEESE","4_2",2,7,"PIME",0.7,NA,"D"
"STEESE","4_2",2,7,"POTR",1.2,NA,"L"
"STEESE","4_2",2,7,"SALIX",6.23,NA,"L"
"STEESE","4_2",2,7,"ALCR",2.75,NA,"L"
"STEESE","4_2",2,8,"BENE",1.2,NA,"L"
"STEESE","4_2",2,8,"PIME",0.43,NA,"D"
"STEESE","4_2",2,8,"POTR",1.85,NA,"L"
"STEESE","4_2",2,8,"SALIX",3,NA,"L"
"STEESE","4_2",2,8,"ALCR",NA,46,"L"
"STEESE","4_2",2,9,"BENE",1.15,NA,"L"
"STEESE","4_2",2,9,"PIME",0.9,NA,"D"
"STEESE","4_2",2,9,"POTR",1.37,NA,"L"
"STEESE","4_2",2,9,"SALIX",4.7,NA,"L"
"STEESE","4_2",2,9,"ALCR",4.85,NA,"L"
"STEESE","4_2",2,10,"BENE",1.9,NA,"L"
"STEESE","4_2",2,10,"PIME",0.54,NA,"D"
"STEESE","4_2",2,10,"POTR",2.9,NA,"L"
"STEESE","4_2",2,10,"SALIX",NA,26,"L"
"STEESE","4_2",2,10,"ALCR",8.95,NA,"L"
"STEESE","27_2",2,1,"BENE",2.2,NA,"L"
"STEESE","27_2",2,1,"PIME",0.72,NA,"D"
"STEESE","27_2",2,1,"POTR",2.2,NA,"L"
"STEESE","27_2",2,1,"SALIX",2.2,NA,"L"
"STEESE","27_2",2,1,"ALCR",NA,43,"L"
"STEESE","27_2",2,2,"BENE",2.1,NA,"L"
"STEESE","27_2",2,2,"PIME",1.33,NA,"D"
"STEESE","27_2",2,2,"POTR",1.2,NA,"L"
"STEESE","27_2",2,2,"SALIX",3.62,NA,"L"
"STEESE","27_2",2,2,"ALCR",1.97,NA,"L"
"STEESE","27_2",2,3,"BENE",1.7,NA,"L"
"STEESE","27_2",2,3,"PIME",0.52,NA,"D"
"STEESE","27_2",2,3,"POTR",0.6,NA,"L"
"STEESE","27_2",2,3,"SALIX",2.62,NA,"L"
"STEESE","27_2",2,3,"ALCR",NA,38,"L"
"STEESE","27_2",2,4,"BENE",1.64,NA,"L"
"STEESE","27_2",2,4,"PIME",0.53,NA,"D"
"STEESE","27_2",2,4,"POTR",2.5,NA,"L"
"STEESE","27_2",2,4,"SALIX",1.04,NA,"L"
"STEESE","27_2",2,4,"ALCR",32.5,NA,"L"
"STEESE","27_2",2,5,"BENE",1.6,NA,"L"
"STEESE","27_2",2,5,"PIME",2.45,NA,"D"
"STEESE","27_2",2,5,"POTR",2.25,NA,"L"
"STEESE","27_2",2,5,"SALIX",4,NA,"L"
"STEESE","27_2",2,5,"ALCR",NA,40,"L"
"STEESE","27_2",2,6,"BENE",2.7,NA,"L"
"STEESE","27_2",2,6,"PIME",0.5,NA,"D"
"STEESE","27_2",2,6,"POTR",4.2,NA,"L"
"STEESE","27_2",2,6,"SALIX",1,NA,"L"
"STEESE","27_2",2,6,"ALCR",NA,25,"L"
"STEESE","27_2",2,7,"BENE",1.2,NA,"L"
"STEESE","27_2",2,7,"PIME",0.8,NA,"D"
"STEESE","27_2",2,7,"POTR",1.77,NA,"L"
"STEESE","27_2",2,7,"SALIX",2.3,NA,"L"
"STEESE","27_2",2,7,"ALCR",4.9,NA,"L"
"STEESE","27_2",2,8,"BENE",2.2,NA,"L"
"STEESE","27_2",2,8,"PIME",1.64,NA,"D"
"STEESE","27_2",2,8,"POTR",2.3,NA,"L"
"STEESE","27_2",2,8,"SALIX",1.32,NA,"L"
"STEESE","27_2",2,8,"ALCR",NA,32.5,"L"
"STEESE","27_2",2,9,"BENE",1.1,NA,"L"
"STEESE","27_2",2,9,"PIME",1.17,NA,"D"
"STEESE","27_2",2,9,"POTR",1.5,NA,"L"
"STEESE","27_2",2,9,"SALIX",1,NA,"L"
"STEESE","27_2",2,9,"ALCR",5.6,NA,"L"
"STEESE","27_2",2,10,"BENE",0.74,NA,"L"
"STEESE","27_2",2,10,"PIME",0.7,NA,"D"
"STEESE","27_2",2,10,"POTR",0.8,NA,"L"
"STEESE","27_2",2,10,"SALIX",4.45,NA,"L"
"STEESE","27_2",2,10,"ALCR",NA,44,"L"
"STEESE","5_1",1,1,"BENE",0.87,NA,"L"
"STEESE","5_1",1,1,"PIME",1.3,NA,"D"
"STEESE","5_1",1,1,"POTR",7.52,NA,"L"
"STEESE","5_1",1,1,"ALCR",4.87,NA,"L"
"STEESE","5_1",1,1,"SALIX",7.23,NA,"L"
"STEESE","5_1",1,1,"ARCTO",NA,23,"L"
"STEESE","5_1",1,2,"BENE",2.54,NA,"L"
"STEESE","5_1",1,2,"PIME",0.57,NA,"D"
"STEESE","5_1",1,2,"POTR",5.37,NA,"L"
"STEESE","5_1",1,2,"SALIX",0.51,NA,"L"
"STEESE","5_1",1,2,"ALCR",3.82,NA,"L"
"STEESE","5_1",1,2,"ARCTO",6.74,NA,"L"
"STEESE","5_1",1,3,"BENE",2.14,NA,"L"
"STEESE","5_1",1,3,"PIME",0.46,NA,"D"
"STEESE","5_1",1,3,"POTR",3.29,NA,"L"
"STEESE","5_1",1,3,"ALCR",2.85,NA,"L"
"STEESE","5_1",1,3,"SALIX",4.06,NA,"L"
"STEESE","5_1",1,3,"ARCTO",NA,26,"L"
"STEESE","5_1",1,4,"BENE",4.44,NA,"L"
"STEESE","5_1",1,4,"PIME",0.47,NA,"D"
"STEESE","5_1",1,4,"POTR",0.75,NA,"L"
"STEESE","5_1",1,4,"ALCR",4.85,NA,"L"
"STEESE","5_1",1,4,"SALIX",3.85,NA,"L"
"STEESE","5_1",1,4,"ARCTO",2.1,NA,"L"
"STEESE","5_1",1,5,"BENE",2.27,NA,"L"
"STEESE","5_1",1,5,"PIME",0.82,NA,"D"
"STEESE","5_1",1,5,"POTR",4,NA,"L"
"STEESE","5_1",1,5,"ALCR",4.55,NA,"L"
"STEESE","5_1",1,5,"SALIX",1.79,NA,"L"
"STEESE","5_1",1,5,"ARCTO",7.84,NA,"L"
"STEESE","5_1",1,6,"BENE",1.9,NA,"L"
"STEESE","5_1",1,6,"POTR",7.65,NA,"L"
"STEESE","5_1",1,6,"PIME",0.83,NA,"D"
"STEESE","5_1",1,6,"ALCR",NA,24,"L"
"STEESE","5_1",1,6,"SALIX",6.72,NA,"L"
"STEESE","5_1",1,6,"ARCTO",NA,32.5,"L"
"STEESE","5_1",1,7,"BENE",3.3,NA,"L"
"STEESE","5_1",1,7,"POTR",3.58,NA,"L"
"STEESE","5_1",1,7,"PIME",1,NA,"D"
"STEESE","5_1",1,7,"ALCR",NA,25,"L"
"STEESE","5_1",1,7,"SALIX",2.15,NA,"L"
"STEESE","5_1",1,7,"ARCTO",6.9,NA,"L"
"STEESE","5_1",1,8,"BENE",3.3,NA,"L"
"STEESE","5_1",1,8,"POTR",NA,33,"L"
"STEESE","5_1",1,8,"PIME",0.44,NA,"D"
"STEESE","5_1",1,8,"ALCR",5.1,NA,"L"
"STEESE","5_1",1,8,"SALIX",NA,22,"L"
"STEESE","5_1",1,8,"ARCTO",6.74,NA,"L"
"STEESE","5_1",1,9,"BENE",0.98,NA,"L"
"STEESE","5_1",1,9,"POTR",NA,30.5,"L"
"STEESE","5_1",1,9,"PIME",0.55,NA,"D"
"STEESE","5_1",1,9,"ALCR",3.42,NA,"L"
"STEESE","5_1",1,9,"SALIX",8.45,NA,"L"
"STEESE","5_1",1,9,"ARCTO",NA,21,"L"
"STEESE","5_1",1,10,"BENE",3.4,NA,"L"
"STEESE","5_1",1,10,"PIME",1.26,NA,"L"
"STEESE","5_1",1,10,"POTR",1.76,NA,"D"
"STEESE","5_1",1,10,"ALCR",4.4,NA,"L"
"STEESE","5_1",1,10,"SALIX",NA,9,"L"
"STEESE","5_1",1,10,"ARCTO",NA,21,"L"
"STEESE","28_1",1,1,"BENE",0.52,NA,"L"
"STEESE","28_1",1,1,"PIME",0.41,NA,"D"
"STEESE","28_1",1,1,"SALIX",2.04,NA,"L"
"STEESE","28_1",1,2,"BENE",0.6,NA,"L"
"STEESE","28_1",1,2,"PIME",0.92,NA,"D"
"STEESE","28_1",1,2,"SALIX",1.07,NA,"L"
"STEESE","28_1",1,3,"BENE",0.63,NA,"L"
"STEESE","28_1",1,3,"PIME",0.37,NA,"D"
"STEESE","28_1",1,3,"SALIX",1.64,NA,"L"
"STEESE","28_1",1,4,"BENE",1.33,NA,"L"
"STEESE","28_1",1,4,"PIME",0.86,NA,"D"
"STEESE","28_1",1,4,"SALIX",3.34,NA,"L"
"STEESE","28_1",1,5,"BENE",0.64,NA,"L"
"STEESE","28_1",1,5,"PIME",0.56,NA,"D"
"STEESE","28_1",1,5,"SALIX",0.74,NA,"L"
"STEESE","28_1",1,6,"BENE",0.6,NA,"L"
"STEESE","28_1",1,6,"PIME",0.4,NA,"D"
"STEESE","28_1",1,6,"SALIX",2.1,NA,"L"
"STEESE","28_1",1,7,"BENE",0.75,NA,"L"
"STEESE","28_1",1,7,"PIME",0.83,NA,"D"
"STEESE","28_1",1,7,"SALIX",3.03,NA,"L"
"STEESE","28_1",1,8,"BENE",0.63,NA,"L"
"STEESE","28_1",1,8,"PIME",0.6,NA,"D"
"STEESE","28_1",1,8,"SALIX",2.1,NA,"L"
"STEESE","28_1",1,9,"BENE",0.94,NA,"L"
"STEESE","28_1",1,9,"PIME",1.08,NA,"D"
"STEESE","28_1",1,9,"SALIX",0.81,NA,"L"
"STEESE","28_1",1,10,"BENE",1.03,NA,"L"
"STEESE","28_1",1,10,"PIME",0.47,NA,"D"
"STEESE","28_1",1,10,"SALIX",1.45,NA,"L"
"STEESE","33_1",1,1,"BENE",3.82,NA,"L"
"STEESE","33_1",1,1,"PIME",0.33,NA,"D"
"STEESE","33_1",1,1,"SALIX",1.33,NA,"L"
"STEESE","33_1",1,1,"ALCR",NA,55,"L"
"STEESE","33_1",1,2,"BENE",3.13,NA,"L"
"STEESE","33_1",1,2,"PIME",1.3,NA,"D"
"STEESE","33_1",1,2,"SALIX",1.65,NA,"L"
"STEESE","33_1",1,2,"ALCR",NA,15.5,"L"
"STEESE","33_1",1,3,"BENE",3.07,NA,"L"
"STEESE","33_1",1,3,"PIME",0.43,NA,"D"
"STEESE","33_1",1,3,"SALIX",NA,30,"L"
"STEESE","33_1",1,3,"ALCR",1.3,NA,"L"
"STEESE","33_1",1,4,"BENE",3.1,NA,"D"
"STEESE","33_1",1,4,"PIME",0.65,NA,"D"
"STEESE","33_1",1,4,"SALIX",3.54,NA,"L"
"STEESE","33_1",1,4,"ALCR",3.7,NA,"L"
"STEESE","33_1",1,5,"BENE",3.8,NA,"L"
"STEESE","33_1",1,5,"PIME",0.27,NA,"D"
"STEESE","33_1",1,5,"SALIX",1.02,NA,"L"
"STEESE","33_1",1,5,"ALCR",NA,30.5,"L"
"STEESE","33_1",1,6,"BENE",1.42,NA,"L"
"STEESE","33_1",1,6,"PIME",1.08,NA,"D"
"STEESE","33_1",1,6,"SALIX",1.19,NA,"L"
"STEESE","33_1",1,6,"ALCR",NA,22,"L"
"STEESE","33_1",1,7,"BENE",2.98,NA,"L"
"STEESE","33_1",1,7,"PIME",1.78,NA,"D"
"STEESE","33_1",1,7,"SALIX",1.77,NA,"L"
"STEESE","33_1",1,7,"ALCR",NA,37,"L"
"STEESE","33_1",1,8,"BENE",3.4,NA,"L"
"STEESE","33_1",1,8,"PIME",1.2,NA,"D"
"STEESE","33_1",1,8,"SALIX",2.4,NA,"L"
"STEESE","33_1",1,8,"ALCR",NA,26,"L"
"STEESE","33_1",1,9,"BENE",5,NA,"L"
"STEESE","33_1",1,9,"PIME",1,NA,"D"
"STEESE","33_1",1,9,"SALIX",2.4,NA,"L"
"STEESE","33_1",1,9,"ALCR",NA,57.5,"L"
"STEESE","33_1",1,10,"BENE",0.72,NA,"L"
"STEESE","33_1",1,10,"PIME",0.43,NA,"D"
"STEESE","33_1",1,10,"SALIX",2.92,NA,"L"
"STEESE","33_1",1,10,"ALCR",NA,50.5,"L"
"STEESE","18_1",1,1,"BENE",0.8,NA,"D"
"STEESE","18_1",1,1,"PIME",0.42,NA,"L"
"STEESE","18_1",1,1,"POTR",1.84,NA,"L"
"STEESE","18_1",1,1,"SALIX",1.1,NA,"L"
"STEESE","18_1",1,2,"BENE",2.41,NA,"L"
"STEESE","18_1",1,2,"PIME",0.25,NA,"D"
"STEESE","18_1",1,2,"POTR",0.61,NA,"L"
"STEESE","18_1",1,2,"SALIX",1.37,NA,"L"
"STEESE","18_1",1,3,"BENE",1.4,NA,"L"
"STEESE","18_1",1,3,"PIME",0.43,NA,"D"
"STEESE","18_1",1,3,"POTR",1.9,NA,"L"
"STEESE","18_1",1,3,"SALIX",1.36,NA,"L"
"STEESE","18_1",1,4,"BENE",0.66,NA,"L"
"STEESE","18_1",1,4,"PIME",2,NA,"D"
"STEESE","18_1",1,4,"POTR",1.89,NA,"L"
"STEESE","18_1",1,4,"SALIX",3.1,NA,"L"
"STEESE","18_1",1,5,"BENE",1.56,NA,"L"
"STEESE","18_1",1,5,"PIME",0.75,NA,"D"
"STEESE","18_1",1,5,"POTR",0.8,NA,"L"
"STEESE","18_1",1,5,"SALIX",3.35,NA,"L"
"STEESE","18_1",1,6,"BENE",2,NA,"L"
"STEESE","18_1",1,6,"PIME",0.97,NA,"D"
"STEESE","18_1",1,6,"POTR",2.46,NA,"L"
"STEESE","18_1",1,6,"SALIX",2,NA,"L"
"STEESE","18_1",1,7,"BENE",1.1,NA,"L"
"STEESE","18_1",1,7,"PIME",0.76,NA,"L"
"STEESE","18_1",1,7,"POTR",3.93,NA,"L"
"STEESE","18_1",1,7,"SALIX",2.9,NA,"L"
"STEESE","18_1",1,8,"BENE",1.66,NA,"L"
"STEESE","18_1",1,8,"PIME",0.6,NA,"D"
"STEESE","18_1",1,8,"POTR",3.5,NA,"L"
"STEESE","18_1",1,8,"SALIX",1.5,NA,"L"
"STEESE","18_1",1,9,"BENE",0.97,NA,"L"
"STEESE","18_1",1,9,"PIME",0.76,NA,"D"
"STEESE","18_1",1,9,"POTR",1.5,NA,"L"
"STEESE","18_1",1,9,"SALIX",4.6,NA,"L"
"STEESE","18_1",1,10,"BENE",3.55,NA,"L"
"STEESE","18_1",1,10,"PIME",0.67,NA,"D"
"STEESE","18_1",1,10,"POTR",4.08,NA,"L"
"STEESE","18_1",1,10,"SALIX",5.9,NA,"L"
"STEESE","29_1",1,1,"BENE",1.6,NA,"L"
"STEESE","29_1",1,1,"PIME",NA,31.5,"L"
"STEESE","29_1",1,1,"SALIX",0.47,NA,"L"
"STEESE","29_1",1,1,"POTR",1.88,NA,"L"
"STEESE","29_1",1,1,"ARCTO",3.1,NA,"L"
"STEESE","29_1",1,1,"ALCR",16.15,NA,"L"
"STEESE","29_1",1,2,"BENE",3.62,NA,"L"
"STEESE","29_1",1,2,"PIME",5.05,NA,"L"
"STEESE","29_1",1,2,"SALIX",1.6,NA,"L"
"STEESE","29_1",1,2,"POTR",1.92,NA,"L"
"STEESE","29_1",1,2,"ARCTO",3.4,NA,"L"
"STEESE","29_1",1,2,"ALCR",NA,46,"L"
"STEESE","29_1",1,3,"BENE",3.2,NA,"L"
"STEESE","29_1",1,3,"PIME",1.96,NA,"D"
"STEESE","29_1",1,3,"SALIX",1.82,NA,"L"
"STEESE","29_1",1,3,"POTR",1.15,NA,"L"
"STEESE","29_1",1,3,"ARCTO",3.1,NA,"L"
"STEESE","29_1",1,3,"ALCR",NA,30.5,"L"
"STEESE","29_1",1,4,"BENE",1.11,NA,"L"
"STEESE","29_1",1,4,"PIME",4.6,NA,"L"
"STEESE","29_1",1,4,"SALIX",3.7,NA,"L"
"STEESE","29_1",1,4,"POTR",5.2,NA,"L"
"STEESE","29_1",1,4,"ARCTO",3.18,NA,"L"
"STEESE","29_1",1,4,"ALCR",NA,60,"L"
"STEESE","29_1",1,5,"BENE",1.9,NA,"L"
"STEESE","29_1",1,5,"PIME",6.2,NA,"L"
"STEESE","29_1",1,5,"SALIX",1.56,NA,"L"
"STEESE","29_1",1,5,"POTR",0.87,NA,"L"
"STEESE","29_1",1,5,"ARCTO",1.56,NA,"L"
"STEESE","29_1",1,5,"ALCR",2.6,NA,"L"
"STEESE","29_1",1,6,"BENE",2.19,NA,"L"
"STEESE","29_1",1,6,"PIME",2.3,NA,"L"
"STEESE","29_1",1,6,"SALIX",1.34,NA,"L"
"STEESE","29_1",1,6,"POTR",1.9,NA,"L"
"STEESE","29_1",1,6,"ARCTO",2.5,NA,"L"
"STEESE","29_1",1,6,"ALCR",NA,31,"L"
"STEESE","29_1",1,7,"BENE",2.85,NA,"L"
"STEESE","29_1",1,7,"PIME",7.8,NA,"L"
"STEESE","29_1",1,7,"SALIX",2.27,NA,"L"
"STEESE","29_1",1,7,"POTR",2.12,NA,"L"
"STEESE","29_1",1,7,"ARCTO",2.1,NA,"L"
"STEESE","29_1",1,7,"ALCR",2.75,NA,"L"
"STEESE","29_1",1,8,"BENE",4.2,NA,"L"
"STEESE","29_1",1,8,"PIME",0.73,NA,"D"
"STEESE","29_1",1,8,"SALIX",1,NA,"L"
"STEESE","29_1",1,8,"POTR",0.2,NA,"L"
"STEESE","29_1",1,8,"ARCTO",3,NA,"L"
"STEESE","29_1",1,8,"ALCR",NA,35,"L"
"STEESE","29_1",1,9,"BENE",2.8,NA,"L"
"STEESE","29_1",1,9,"PIME",6.24,NA,"D"
"STEESE","29_1",1,9,"SALIX",2.4,NA,"L"
"STEESE","29_1",1,9,"POTR",6.6,NA,"L"
"STEESE","29_1",1,9,"ARCTO",1.5,NA,"L"
"STEESE","29_1",1,9,"ALCR",NA,67,"L"
"STEESE","29_1",1,10,"BENE",1.38,NA,"L"
"STEESE","29_1",1,10,"PIME",NA,40.5,"L"
"STEESE","29_1",1,10,"SALIX",0.53,NA,"L"
"STEESE","29_1",1,10,"POTR",2,NA,"L"
"STEESE","29_1",1,10,"ARCTO",6.3,NA,"L"
"STEESE","29_1",1,10,"ALCR",NA,65,"L"
"STEESE","25_3",3,1,"ARCTO",NA,26.5,"L"
"STEESE","25_3",3,1,"BENE",3.25,NA,"L"
"STEESE","25_3",3,1,"POTR",1.36,NA,"L"
"STEESE","25_3",3,1,"SALIX",0.8,NA,"L"
"STEESE","25_3",3,1,"PIME",NA,29,"L"
"STEESE","25_3",3,2,"ARCTO",5.7,NA,"L"
"STEESE","25_3",3,2,"BENE",0.85,NA,"L"
"STEESE","25_3",3,2,"POTR",1.25,NA,"L"
"STEESE","25_3",3,2,"SALIX",0.57,NA,"L"
"STEESE","25_3",3,2,"PIME",NA,17,"L"
"STEESE","25_3",3,3,"ARCTO",1.41,NA,"L"
"STEESE","25_3",3,3,"BENE",4.27,NA,"L"
"STEESE","25_3",3,3,"POTR",1.44,NA,"L"
"STEESE","25_3",3,3,"SALIX",1.9,NA,"L"
"STEESE","25_3",3,3,"PIME",5.67,NA,"L"
"STEESE","25_3",3,4,"ARCTO",5.56,NA,"L"
"STEESE","25_3",3,4,"BENE",1.2,NA,"L"
"STEESE","25_3",3,4,"POTR",1.68,NA,"L"
"STEESE","25_3",3,4,"SALIX",0.63,NA,"L"
"STEESE","25_3",3,4,"PIME",5.52,NA,"L"
"STEESE","25_3",3,5,"ARCTO",9.7,NA,"L"
"STEESE","25_3",3,5,"BENE",0.53,NA,"L"
"STEESE","25_3",3,5,"POTR",0.6,NA,"L"
"STEESE","25_3",3,5,"SALIX",1,NA,"L"
"STEESE","25_3",3,5,"PIME",8.8,NA,"L"
"STEESE","25_3",3,6,"ARCTO",1.92,NA,"L"
"STEESE","25_3",3,6,"BENE",5.1,NA,"L"
"STEESE","25_3",3,6,"POTR",0.93,NA,"L"
"STEESE","25_3",3,6,"SALIX",1.24,NA,"L"
"STEESE","25_3",3,6,"PIME",2.26,NA,"L"
"STEESE","25_3",3,7,"ARCTO",6.6,NA,"L"
"STEESE","25_3",3,7,"BENE",6.65,NA,"L"
"STEESE","25_3",3,7,"POTR",0.48,NA,"L"
"STEESE","25_3",3,7,"SALIX",0.48,NA,"L"
"STEESE","25_3",3,7,"PIME",7.37,NA,"L"
"STEESE","25_3",3,8,"ARCTO",4.64,NA,"L"
"STEESE","25_3",3,8,"BENE",2,NA,"L"
"STEESE","25_3",3,8,"POTR",0.54,NA,"L"
"STEESE","25_3",3,8,"SALIX",0.8,NA,"L"
"STEESE","25_3",3,8,"PIME",4.46,NA,"L"
"STEESE","25_3",3,9,"ARCTO",12.33,NA,"L"
"STEESE","25_3",3,9,"BENE",3.84,NA,"L"
"STEESE","25_3",3,9,"POTR",1.4,NA,"L"
"STEESE","25_3",3,9,"SALIX",1.15,NA,"L"
"STEESE","25_3",3,9,"PIME",11.44,NA,"L"
"STEESE","25_3",3,10,"ARCTO",15.05,NA,"L"
"STEESE","25_3",3,10,"BENE",5.1,NA,"L"
"STEESE","25_3",3,10,"POTR",0.82,NA,"L"
"STEESE","25_3",3,10,"SALIX",0.63,NA,"L"
"STEESE","25_3",3,10,"PIME",14.35,NA,"L"
"STEESE","36_1",1,1,"BENE",NA,19.5,"L"
"STEESE","36_1",1,1,"PIME",0.8,NA,"D"
"STEESE","36_1",1,1,"SALIX",2.64,NA,"L"
"STEESE","36_1",1,2,"BENE",NA,64.5,"L"
"STEESE","36_1",1,2,"PIME",0.9,NA,"D"
"STEESE","36_1",1,2,"SALIX",1.5,NA,"L"
"STEESE","36_1",1,3,"BENE",NA,31.5,"L"
"STEESE","36_1",1,3,"PIME",0.5,NA,"D"
"STEESE","36_1",1,3,"SALIX",2.64,NA,"L"
"STEESE","36_1",1,4,"BENE",NA,60.5,"L"
"STEESE","36_1",1,4,"PIME",0.56,NA,"D"
"STEESE","36_1",1,4,"SALIX",3.44,NA,"L"
"STEESE","36_1",1,5,"BENE",NA,48,"L"
"STEESE","36_1",1,5,"PIME",0.73,NA,"D"
"STEESE","36_1",1,5,"SALIX",3.26,NA,"L"
"STEESE","36_1",1,6,"BENE",NA,50,"L"
"STEESE","36_1",1,6,"PIME",0.87,NA,"D"
"STEESE","36_1",1,6,"SALIX",4,NA,"L"
"STEESE","36_1",1,7,"BENE",7.5,NA,"L"
"STEESE","36_1",1,7,"PIME",0.47,NA,"D"
"STEESE","36_1",1,7,"SALIX",2,NA,"L"
"STEESE","36_1",1,8,"BENE",NA,42.5,"L"
"STEESE","36_1",1,8,"PIME",0.62,NA,"D"
"STEESE","36_1",1,8,"SALIX",2.97,NA,"L"
"STEESE","36_1",1,9,"BENE",NA,36.5,"L"
"STEESE","36_1",1,9,"PIME",0.43,NA,"D"
"STEESE","36_1",1,9,"SALIX",2.83,NA,"L"
"STEESE","36_1",1,10,"BENE",NA,54.5,"L"
"STEESE","36_1",1,10,"PIME",0.83,NA,"D"
"STEESE","36_1",1,10,"SALIX",5.5,NA,"L"
"STEESE","20_1",1,1,"PIME",0.8,NA,"D"
"STEESE","20_1",1,1,"SALIX",3.05,NA,"L"
"STEESE","20_1",1,1,"BENE",1.51,NA,"L"
"STEESE","20_1",1,2,"PIME",0.59,NA,"D"
"STEESE","20_1",1,2,"SALIX",1.06,NA,"L"
"STEESE","20_1",1,2,"BENE",4.92,NA,"L"
"STEESE","20_1",1,3,"PIME",1,NA,"D"
"STEESE","20_1",1,3,"SALIX",1.7,NA,"L"
"STEESE","20_1",1,3,"BENE",NA,46,"L"
"STEESE","20_1",1,4,"PIME",1.64,NA,"D"
"STEESE","20_1",1,4,"SALIX",5,NA,"L"
"STEESE","20_1",1,4,"BENE",10.39,NA,"L"
"STEESE","20_1",1,5,"PIME",1.13,NA,"D"
"STEESE","20_1",1,5,"SALIX",2.74,NA,"L"
"STEESE","20_1",1,5,"BENE",2.33,NA,"L"
"STEESE","20_1",1,6,"PIME",0.28,NA,"D"
"STEESE","20_1",1,6,"SALIX",1.1,NA,"L"
"STEESE","20_1",1,6,"BENE",3.64,NA,"L"
"STEESE","20_1",1,7,"PIME",0.57,NA,"D"
"STEESE","20_1",1,7,"SALIX",2.2,NA,"L"
"STEESE","20_1",1,7,"BENE",3.94,NA,"L"
"STEESE","20_1",1,8,"PIME",0.53,NA,"D"
"STEESE","20_1",1,8,"SALIX",1.7,NA,"L"
"STEESE","20_1",1,8,"BENE",5.02,NA,"L"
"STEESE","20_1",1,9,"PIME",0.64,NA,"L"
"STEESE","20_1",1,9,"SALIX",3.6,NA,"L"
"STEESE","20_1",1,9,"BENE",3.8,NA,"L"
"STEESE","20_1",1,10,"PIME",1.11,NA,"L"
"STEESE","20_1",1,10,"SALIX",1.71,NA,"L"
"STEESE","20_1",1,10,"BENE",5.91,NA,"L"
