"SITE","PLOT","TREAT","Frame","SPP","DIST_M","Live_Dead"
"DALTON","32_2",2,1,"BENE",3,"L"
"DALTON","32_2",2,1,"POTR",5,"L"
"DALTON","32_2",2,1,"PIME",4.1,"D"
"DALTON","32_2",2,1,"SALIX",1.3,"L"
"DALTON","32_2",2,2,"BENE",1.8,"L"
"DALTON","32_2",2,2,"POTR",3.3,"L"
"DALTON","32_2",2,2,"PIME",5.2,"D"
"DALTON","32_2",2,2,"SALIX",1.8,"L"
"DALTON","32_2",2,3,"BENE",2.5,"L"
"DALTON","32_2",2,3,"POTR",3.6,"L"
"DALTON","32_2",2,3,"PIME",3.8,"D"
"DALTON","32_2",2,3,"SALIX",0.7,"L"
"DALTON","32_2",2,4,"BENE",0.9,"L"
"DALTON","32_2",2,4,"POTR",0.6,"L"
"DALTON","32_2",2,4,"PIME",2.5,"D"
"DALTON","32_2",2,4,"SALIX",0.7,"L"
"DALTON","32_2",2,5,"BENE",0.4,"L"
"DALTON","32_2",2,5,"POTR",1.7,"L"
"DALTON","32_2",2,5,"PIME",0.5,"D"
"DALTON","32_2",2,5,"SALIX",1.3,"L"
"DALTON","32_2",2,6,"BENE",3.2,"L"
"DALTON","32_2",2,6,"POTR",2.6,"L"
"DALTON","32_2",2,6,"PIME",3,"D"
"DALTON","32_2",2,6,"SALIX",0.5,"L"
"DALTON","32_2",2,7,"BENE",0.9,"L"
"DALTON","32_2",2,7,"POTR",2.3,"D"
"DALTON","32_2",2,7,"PIME",4.7,"L"
"DALTON","32_2",2,7,"SALIX",0.9,"L"
"DALTON","32_2",2,8,"BENE",0.4,"L"
"DALTON","32_2",2,8,"POTR",2.5,"L"
"DALTON","32_2",2,8,"PIME",2.1,"D"
"DALTON","32_2",2,8,"SALIX",0.8,"L"
"DALTON","32_2",2,9,"BENE",0.3,"L"
"DALTON","32_2",2,9,"POTR",0.6,"L"
"DALTON","32_2",2,9,"PIME",3,"D"
"DALTON","32_2",2,9,"SALIX",0.9,"L"
"DALTON","32_2",2,10,"BENE",1.2,"L"
"DALTON","32_2",2,10,"POTR",0.9,"L"
"DALTON","32_2",2,10,"PIME",1.7,"D"
"DALTON","32_2",2,10,"SALIX",1,"L"
"DALTON","16_2",2,1,"BENE",1.4,"L"
"DALTON","16_2",2,1,"POTR",4.4,"L"
"DALTON","16_2",2,1,"PIME",3,"D"
"DALTON","16_2",2,1,"SALIX",0.1,"L"
"DALTON","16_2",2,1,"ALCR",0.7,"L"
"DALTON","16_2",2,2,"BENE",0.7,"L"
"DALTON","16_2",2,2,"POTR",3.9,"L"
"DALTON","16_2",2,2,"PIME",4.8,"D"
"DALTON","16_2",2,2,"SALIX",0.25,"L"
"DALTON","16_2",2,2,"ALCR",0.4,"L"
"DALTON","16_2",2,3,"BENE",1.7,"L"
"DALTON","16_2",2,3,"POTR",1.4,"L"
"DALTON","16_2",2,3,"PIME",1.1,"D"
"DALTON","16_2",2,3,"SALIX",0.3,"L"
"DALTON","16_2",2,3,"ALCR",1.3,"L"
"DALTON","16_2",2,4,"BENE",1,"L"
"DALTON","16_2",2,4,"POTR",7.2,"L"
"DALTON","16_2",2,4,"PIME",3.3,"L"
"DALTON","16_2",2,4,"SALIX",0.15,"L"
"DALTON","16_2",2,4,"ALCR",1.1,"L"
"DALTON","16_2",2,5,"BENE",0.65,"L"
"DALTON","16_2",2,5,"POTR",2.5,"L"
"DALTON","16_2",2,5,"PIME",2.1,"D"
"DALTON","16_2",2,5,"SALIX",0.75,"L"
"DALTON","16_2",2,5,"ALCR",4.7,"L"
"DALTON","16_2",2,6,"BENE",0.7,"L"
"DALTON","16_2",2,6,"POTR",1.2,"L"
"DALTON","16_2",2,6,"PIME",2.8,"D"
"DALTON","16_2",2,6,"SALIX",0.8,"L"
"DALTON","16_2",2,6,"ALCR",3.6,"L"
"DALTON","16_2",2,7,"BENE",0.5,"L"
"DALTON","16_2",2,7,"POTR",2.8,"L"
"DALTON","16_2",2,7,"PIME",1.7,"D"
"DALTON","16_2",2,7,"SALIX",0.8,"L"
"DALTON","16_2",2,7,"ALCR",3.8,"L"
"DALTON","16_2",2,8,"BENE",0.7,"L"
"DALTON","16_2",2,8,"POTR",2.4,"L"
"DALTON","16_2",2,8,"PIME",2.2,"L"
"DALTON","16_2",2,8,"SALIX",0.2,"L"
"DALTON","16_2",2,8,"ALCR",5,"L"
"DALTON","16_2",2,9,"BENE",2.5,"L"
"DALTON","16_2",2,9,"POTR",1,"L"
"DALTON","16_2",2,9,"PIME",5.6,"L"
"DALTON","16_2",2,9,"SALIX",0.2,"L"
"DALTON","16_2",2,9,"ALCR",4.1,"L"
"DALTON","16_2",2,10,"BENE",3.3,"L"
"DALTON","16_2",2,10,"POTR",0.8,"L"
"DALTON","16_2",2,10,"PIME",0.5,"L"
"DALTON","16_2",2,10,"SALIX",1,"L"
"DALTON","16_2",2,10,"ALCR",1.1,"L"
"DALTON","8_2",2,1,"BENE",1.3,"L"
"DALTON","8_2",2,1,"PIME",2.9,"D"
"DALTON","8_2",2,1,"SALIX",0.5,"L"
"DALTON","8_2",2,1,"ALCR",2.5,"L"
"DALTON","8_2",2,2,"BENE",2.8,"L"
"DALTON","8_2",2,2,"PIME",2.5,"D"
"DALTON","8_2",2,2,"SALIX",2.5,"L"
"DALTON","8_2",2,2,"ALCR",1.5,"L"
"DALTON","8_2",2,3,"BENE",1.7,"L"
"DALTON","8_2",2,3,"PIME",2.1,"L"
"DALTON","8_2",2,3,"SALIX",1.8,"L"
"DALTON","8_2",2,3,"ALCR",0.9,"L"
"DALTON","8_2",2,4,"BENE",1.3,"L"
"DALTON","8_2",2,4,"PIME",0.3,"D"
"DALTON","8_2",2,4,"SALIX",2,"L"
"DALTON","8_2",2,4,"ALCR",0.9,"L"
"DALTON","8_2",2,5,"BENE",1.7,"L"
"DALTON","8_2",2,5,"PIME",1.6,"D"
"DALTON","8_2",2,5,"SALIX",0.6,"L"
"DALTON","8_2",2,5,"ALCR",1,"L"
"DALTON","8_2",2,6,"BENE",3.1,"L"
"DALTON","8_2",2,6,"PIME",1.2,"D"
"DALTON","8_2",2,6,"SALIX",1,"L"
"DALTON","8_2",2,6,"ALCR",2.5,"L"
"DALTON","8_2",2,7,"BENE",2.7,"L"
"DALTON","8_2",2,7,"PIME",1.4,"L"
"DALTON","8_2",2,7,"SALIX",1,"L"
"DALTON","8_2",2,7,"ALCR",1.1,"L"
"DALTON","8_2",2,8,"BENE",2.3,"L"
"DALTON","8_2",2,8,"PIME",1.3,"D"
"DALTON","8_2",2,8,"SALIX",2.2,"L"
"DALTON","8_2",2,8,"ALCR",3,"L"
"DALTON","8_2",2,9,"BENE",1,"L"
"DALTON","8_2",2,9,"PIME",0.8,"D"
"DALTON","8_2",2,9,"SALIX",1.3,"L"
"DALTON","8_2",2,9,"ALCR",0.15,"L"
"DALTON","8_2",2,10,"BENE",3,"L"
"DALTON","8_2",2,10,"PIME",2.8,"L"
"DALTON","8_2",2,10,"SALIX",1.3,"L"
"DALTON","8_2",2,10,"ALCR",1.2,"L"
"DALTON","8_2",2,10,"POTR",3.1,"L"
"DALTON","39_2",2,1,"BENE",1.5,"L"
"DALTON","39_2",2,1,"PIME",2.1,"D"
"DALTON","39_2",2,1,"SALIX",1.6,"L"
"DALTON","39_2",2,1,"ALCR",1.2,"L"
"DALTON","39_2",2,2,"BENE",0.08,"L"
"DALTON","39_2",2,2,"PIME",1.3,"D"
"DALTON","39_2",2,2,"SALIX",0.7,"L"
"DALTON","39_2",2,2,"ALCR",2.2,"L"
"DALTON","39_2",2,3,"BENE",0.01,"L"
"DALTON","39_2",2,3,"PIME",3.4,"D"
"DALTON","39_2",2,3,"SALIX",1.2,"L"
"DALTON","39_2",2,3,"ALCR",2.1,"L"
"DALTON","39_2",2,4,"BENE",1.1,"L"
"DALTON","39_2",2,4,"PIME",1.4,"D"
"DALTON","39_2",2,4,"SALIX",2.1,"L"
"DALTON","39_2",2,4,"ALCR",2,"L"
"DALTON","39_2",2,5,"BENE",0.9144,"L"
"DALTON","39_2",2,5,"PIME",1.8288,"D"
"DALTON","39_2",2,5,"SALIX",1.0668,"L"
"DALTON","39_2",2,5,"ALCR",2.286,"L"
"DALTON","39_2",2,6,"BENE",1.0668,"L"
"DALTON","39_2",2,6,"PIME",3.5052,"D"
"DALTON","39_2",2,6,"SALIX",2.4384,"L"
"DALTON","39_2",2,6,"ALCR",1.6764,"L"
"DALTON","39_2",2,7,"BENE",0.6096,"L"
"DALTON","39_2",2,7,"PIME",0.9144,"D"
"DALTON","39_2",2,7,"SALIX",1.2192,"L"
"DALTON","39_2",2,7,"ALCR",3.2004,"L"
"DALTON","39_2",2,8,"BENE",0.6096,"L"
"DALTON","39_2",2,8,"PIME",2.8956,"D"
"DALTON","39_2",2,8,"SALIX",1.3716,"L"
"DALTON","39_2",2,8,"ALCR",0.17,"L"
"DALTON","39_2",2,9,"BENE",1.6764,"L"
"DALTON","39_2",2,9,"PIME",3.6576,"D"
"DALTON","39_2",2,9,"SALIX",1.6764,"L"
"DALTON","39_2",2,9,"ALCR",2.286,"L"
"DALTON","39_2",2,10,"BENE",0.762,"L"
"DALTON","39_2",2,10,"PIME",2.5908,"D"
"DALTON","39_2",2,10,"SALIX",1.8288,"L"
"DALTON","39_2",2,10,"ALCR",2.8956,"L"
"DALTON","52_1",1,1,"BENE",10.5156,"L"
"DALTON","52_1",1,1,"PIME",0.9144,"L"
"DALTON","52_1",1,1,"SALIX",3.9624,"L"
"DALTON","52_1",1,1,"POTR",4.4196,"D"
"DALTON","52_1",1,1,"ALCR",0.9144,"L"
"DALTON","52_1",1,2,"BENE",6.858,"L"
"DALTON","52_1",1,2,"PIME",1.9812,"D"
"DALTON","52_1",1,2,"SALIX",6.4008,"L"
"DALTON","52_1",1,2,"POTR",12.3444,"L"
"DALTON","52_1",1,2,"ALCR",4.1148,"L"
"DALTON","52_1",1,3,"BENE",13.1064,"L"
"DALTON","52_1",1,3,"PIME",2.1336,"D"
"DALTON","52_1",1,3,"SALIX",2.5908,"L"
"DALTON","52_1",1,3,"POTR",7.0104,"L"
"DALTON","52_1",1,3,"ALCR",7.7724,"L"
"DALTON","52_1",1,4,"BENE",12.4968,"L"
"DALTON","52_1",1,4,"PIME",1.524,"D"
"DALTON","52_1",1,4,"SALIX",3.9624,"L"
"DALTON","52_1",1,4,"POTR",7.7724,"L"
"DALTON","52_1",1,4,"ALCR",7.4676,"L"
"DALTON","52_1",1,5,"BENE",11.8872,"L"
"DALTON","52_1",1,5,"PIME",2,"D"
"DALTON","52_1",1,5,"SALIX",5.4864,"L"
"DALTON","52_1",1,5,"POTR",5.4864,"L"
"DALTON","52_1",1,5,"ALCR",3.5052,"L"
"DALTON","52_1",1,6,"BENE",12.3444,"L"
"DALTON","52_1",1,6,"PIME",0.9144,"D"
"DALTON","52_1",1,6,"SALIX",3.3528,"L"
"DALTON","52_1",1,6,"POTR",3.5052,"L"
"DALTON","52_1",1,6,"ALCR",1.6764,"L"
"DALTON","52_1",1,7,"BENE",9.144,"L"
"DALTON","52_1",1,7,"PIME",0.6096,"L"
"DALTON","52_1",1,7,"SALIX",1.6764,"L"
"DALTON","52_1",1,7,"POTR",7.3152,"L"
"DALTON","52_1",1,7,"ALCR",0.762,"L"
"DALTON","52_1",1,8,"BENE",7.4676,"L"
"DALTON","52_1",1,8,"PIME",1.2192,"D"
"DALTON","52_1",1,8,"SALIX",4.7244,"L"
"DALTON","52_1",1,8,"POTR",12.6492,"L"
"DALTON","52_1",1,8,"ALCR",9.144,"L"
"DALTON","52_1",1,9,"BENE",13.4112,"L"
"DALTON","52_1",1,9,"PIME",1.2192,"D"
"DALTON","52_1",1,9,"SALIX",5.4864,"L"
"DALTON","52_1",1,9,"POTR",7.1628,"L"
"DALTON","52_1",1,9,"ALCR",6.2484,"L"
"DALTON","52_1",1,10,"BENE",7.4676,"L"
"DALTON","52_1",1,10,"PIME",0.4,"L"
"DALTON","52_1",1,10,"SALIX",2.4384,"L"
"DALTON","52_1",1,10,"POTR",3.048,"L"
"DALTON","52_1",1,10,"ALCR",2.1336,"L"
"DALTON","7_3",3,1,"BENE",0.6,"L"
"DALTON","7_3",3,1,"SALIX",1.2192,"L"
"DALTON","7_3",3,1,"ALCR",1.524,"L"
"DALTON","7_3",3,2,"BENE",0.6,"L"
"DALTON","7_3",3,2,"SALIX",1.5,"L"
"DALTON","7_3",3,2,"ALCR",0.75,"L"
"DALTON","7_3",3,3,"BENE",1.1,"L"
"DALTON","7_3",3,3,"SALIX",1.524,"L"
"DALTON","7_3",3,3,"ALCR",0.7,"L"
"DALTON","7_3",3,4,"BENE",0.5,"L"
"DALTON","7_3",3,4,"SALIX",0.4,"L"
"DALTON","7_3",3,4,"ALCR",1.2,"L"
"DALTON","7_3",3,5,"BENE",0.6,"L"
"DALTON","7_3",3,5,"SALIX",1.35,"L"
"DALTON","7_3",3,5,"ALCR",1,"L"
"DALTON","7_3",3,6,"BENE",0.6,"L"
"DALTON","7_3",3,6,"SALIX",1.4,"L"
"DALTON","7_3",3,6,"ALCR",1.4,"L"
"DALTON","7_3",3,7,"BENE",4.4,"L"
"DALTON","7_3",3,7,"SALIX",1,"L"
"DALTON","7_3",3,7,"ALCR",2.2,"L"
"DALTON","7_3",3,8,"BENE",0.7,"L"
"DALTON","7_3",3,8,"SALIX",1.55,"L"
"DALTON","7_3",3,8,"ALCR",1.1,"L"
"DALTON","7_3",3,9,"BENE",0.76,"L"
"DALTON","7_3",3,9,"SALIX",0.9,"L"
"DALTON","7_3",3,9,"ALCR",2.1,"L"
"DALTON","7_3",3,10,"BENE",0.7,"D"
"DALTON","7_3",3,10,"SALIX",1,"L"
"DALTON","7_3",3,10,"ALCR",1.5,"L"
"DALTON","37_3",3,1,"BENE",2.55,"L"
"DALTON","37_3",3,1,"SALIX",0.5,"D"
"DALTON","37_3",3,1,"ALCR",2.1,"L"
"DALTON","37_3",3,2,"BENE",0.9,"L"
"DALTON","37_3",3,2,"SALIX",1,"L"
"DALTON","37_3",3,2,"ALCR",2.2,"L"
"DALTON","37_3",3,3,"BENE",0.4,"L"
"DALTON","37_3",3,3,"SALIX",0.94,"L"
"DALTON","37_3",3,3,"ALCR",1.45,"L"
"DALTON","37_3",3,4,"BENE",0.8,"L"
"DALTON","37_3",3,4,"SALIX",0.6,"L"
"DALTON","37_3",3,4,"ALCR",1.2,"L"
"DALTON","37_3",3,5,"BENE",2.15,"L"
"DALTON","37_3",3,5,"SALIX",1.6,"L"
"DALTON","37_3",3,5,"ALCR",3.6,"L"
"DALTON","37_3",3,6,"BENE",3.1,"L"
"DALTON","37_3",3,6,"SALIX",1.05,"L"
"DALTON","37_3",3,6,"ALCR",3.9,"L"
"DALTON","37_3",3,6,"UNK",1.5,"D"
"DALTON","37_3",3,7,"BENE",1.1,"L"
"DALTON","37_3",3,7,"SALIX",1.2,"L"
"DALTON","37_3",3,7,"ALCR",4.1,"L"
"DALTON","37_3",3,8,"BENE",2.7,"L"
"DALTON","37_3",3,8,"SALIX",1.9,"L"
"DALTON","37_3",3,8,"ALCR",2.8,"L"
"DALTON","37_3",3,9,"BENE",1.3,"L"
"DALTON","37_3",3,9,"SALIX",2.9,"L"
"DALTON","37_3",3,9,"ALCR",0.7,"L"
"DALTON","37_3",3,10,"BENE",0.2,"L"
"DALTON","37_3",3,10,"SALIX",0.9,"L"
"DALTON","37_3",3,10,"ALCR",0.6,"L"
"DALTON","14_3",3,1,"BENE",1,"L"
"DALTON","14_3",3,1,"SALIX",2.3,"L"
"DALTON","14_3",3,1,"ALCR",2.6,"L"
"DALTON","14_3",3,2,"BENE",0.4,"L"
"DALTON","14_3",3,2,"SALIX",2.16,"L"
"DALTON","14_3",3,2,"ALCR",1.6,"L"
"DALTON","14_3",3,3,"BENE",1.2,"L"
"DALTON","14_3",3,3,"SALIX",0.9,"L"
"DALTON","14_3",3,3,"ALCR",0.9,"L"
"DALTON","14_3",3,4,"BENE",1.25,"L"
"DALTON","14_3",3,4,"SALIX",2.2,"L"
"DALTON","14_3",3,4,"ALCR",3,"L"
"DALTON","14_3",3,5,"BENE",2.5,"L"
"DALTON","14_3",3,5,"SALIX",1.4,"L"
"DALTON","14_3",3,5,"ALCR",3.1,"L"
"DALTON","14_3",3,6,"BENE",0.9,"L"
"DALTON","14_3",3,6,"SALIX",1.5,"L"
"DALTON","14_3",3,6,"ALCR",0.5,"L"
"DALTON","14_3",3,7,"BENE",3.1,"L"
"DALTON","14_3",3,7,"SALIX",1,"L"
"DALTON","14_3",3,7,"ALCR",5.2,"L"
"DALTON","14_3",3,8,"BENE",3.2,"L"
"DALTON","14_3",3,8,"SALIX",0.7,"L"
"DALTON","14_3",3,8,"ALCR",2,"L"
"DALTON","14_3",3,9,"BENE",4.2,"L"
"DALTON","14_3",3,9,"SALIX",1.2,"L"
"DALTON","14_3",3,9,"ALCR",0.65,"L"
"DALTON","14_3",3,10,"BENE",1.33,"L"
"DALTON","14_3",3,10,"SALIX",1.4,"L"
"DALTON","14_3",3,10,"ALCR",1.45,"L"
"DALTON","55_3",3,1,"BENE",0.4,"L"
"DALTON","55_3",3,1,"SALIX",1.3,"L"
"DALTON","55_3",3,1,"ALCR",3.3,"L"
"DALTON","55_3",3,2,"BENE",0.35,"L"
"DALTON","55_3",3,2,"SALIX",1.2,"L"
"DALTON","55_3",3,2,"ALCR",2.5,"L"
"DALTON","55_3",3,3,"BENE",0.8,"L"
"DALTON","55_3",3,3,"SALIX",1.45,"L"
"DALTON","55_3",3,3,"ALCR",5.8,"L"
"DALTON","55_3",3,4,"BENE",1,"L"
"DALTON","55_3",3,4,"SALIX",1.05,"L"
"DALTON","55_3",3,4,"ALCR",1.46,"L"
"DALTON","55_3",3,4,"UNK",0.6,"D"
"DALTON","55_3",3,5,"BENE",0.75,"L"
"DALTON","55_3",3,5,"SALIX",2.2,"L"
"DALTON","55_3",3,5,"ALCR",4.04,"L"
"DALTON","55_3",3,6,"BENE",1.25,"L"
"DALTON","55_3",3,6,"SALIX",0.97,"L"
"DALTON","55_3",3,6,"ALCR",8.2296,"L"
"DALTON","55_3",3,7,"BENE",0.48,"L"
"DALTON","55_3",3,7,"SALIX",1.44,"L"
"DALTON","55_3",3,7,"ALCR",4.2,"L"
"DALTON","55_3",3,8,"BENE",0.65,"L"
"DALTON","55_3",3,8,"SALIX",2,"L"
"DALTON","55_3",3,8,"ALCR",5.84,"L"
"DALTON","55_3",3,9,"BENE",0.36,"L"
"DALTON","55_3",3,9,"SALIX",1.9,"L"
"DALTON","55_3",3,9,"ALCR",5.1816,"L"
"DALTON","55_3",3,10,"BENE",0.9,"L"
"DALTON","55_3",3,10,"SALIX",1.13,"L"
"DALTON","55_3",3,10,"ALCR",7.8,"L"
"DALTON","15_3",3,1,"BENE",0.7,"L"
"DALTON","15_3",3,1,"SALIX",3,"L"
"DALTON","15_3",3,1,"ALCR",3.13,"L"
"DALTON","15_3",3,1,"POTR",5.6388,"L"
"DALTON","15_3",3,2,"BENE",0.4,"L"
"DALTON","15_3",3,2,"SALIX",6.7056,"L"
"DALTON","15_3",3,2,"ALCR",4.17,"L"
"DALTON","15_3",3,3,"BENE",0.55,"L"
"DALTON","15_3",3,3,"SALIX",6.2484,"L"
"DALTON","15_3",3,3,"ALCR",4.1,"L"
"DALTON","15_3",3,4,"BENE",0.4,"L"
"DALTON","15_3",3,4,"SALIX",2.1,"L"
"DALTON","15_3",3,4,"ALCR",4.2,"L"
"DALTON","15_3",3,5,"BENE",0.45,"L"
"DALTON","15_3",3,5,"SALIX",3.76,"L"
"DALTON","15_3",3,5,"ALCR",5.7,"L"
"DALTON","15_3",3,6,"BENE",0.33,"L"
"DALTON","15_3",3,6,"SALIX",4.92,"L"
"DALTON","15_3",3,6,"ALCR",4.4,"L"
"DALTON","15_3",3,7,"BENE",0.6,"L"
"DALTON","15_3",3,7,"SALIX",5.3,"L"
"DALTON","15_3",3,7,"ALCR",1.5,"L"
"DALTON","15_3",3,8,"BENE",0.45,"L"
"DALTON","15_3",3,8,"SALIX",3.36,"L"
"DALTON","15_3",3,8,"ALCR",2,"L"
"DALTON","15_3",3,9,"BENE",0.6,"L"
"DALTON","15_3",3,9,"SALIX",1.4,"L"
"DALTON","15_3",3,9,"ALCR",9.144,"L"
"DALTON","15_3",3,10,"BENE",0.5,"L"
"DALTON","15_3",3,10,"SALIX",2.1,"L"
"DALTON","15_3",3,10,"ALCR",2.1,"L"
"DALTON","54_3",3,1,"BENE",1.7,"L"
"DALTON","54_3",3,1,"SALIX",1.5,"L"
"DALTON","54_3",3,1,"POTR",10.0584,"L"
"DALTON","54_3",3,2,"BENE",0.9,"L"
"DALTON","54_3",3,2,"SALIX",1.76,"L"
"DALTON","54_3",3,2,"POTR",1.9,"L"
"DALTON","54_3",3,3,"BENE",0.68,"L"
"DALTON","54_3",3,3,"SALIX",3,"L"
"DALTON","54_3",3,3,"POTR",7.3,"L"
"DALTON","54_3",3,3,"PIME",1.8,"D"
"DALTON","54_3",3,4,"BENE",0.7,"L"
"DALTON","54_3",3,4,"SALIX",2,"L"
"DALTON","54_3",3,4,"POTR",1.6,"L"
"DALTON","54_3",3,5,"BENE",1.1,"L"
"DALTON","54_3",3,5,"SALIX",2.4,"L"
"DALTON","54_3",3,5,"POTR",9.36,"L"
"DALTON","54_3",3,6,"BENE",2.3,"L"
"DALTON","54_3",3,6,"SALIX",2.6,"L"
"DALTON","54_3",3,6,"POTR",2.9,"L"
"DALTON","54_3",3,7,"BENE",1,"L"
"DALTON","54_3",3,7,"SALIX",1.07,"L"
"DALTON","54_3",3,7,"POTR",5,"L"
"DALTON","54_3",3,8,"BENE",0.45,"L"
"DALTON","54_3",3,8,"SALIX",0.5,"L"
"DALTON","54_3",3,8,"POTR",4.3,"L"
"DALTON","54_3",3,9,"BENE",1.33,"L"
"DALTON","54_3",3,9,"SALIX",2.8,"L"
"DALTON","54_3",3,9,"POTR",13.9,"L"
"DALTON","54_3",3,10,"BENE",1,"L"
"DALTON","54_3",3,10,"SALIX",2.57,"L"
"DALTON","54_3",3,10,"POTR",13.37,"L"
"DALTON","41_1",1,1,"BENE",2.8956,"L"
"DALTON","41_1",1,1,"SALIX",0.6,"L"
"DALTON","41_1",1,1,"POTR",12.3444,"L"
"DALTON","41_1",1,1,"PIME",1.65,"D"
"DALTON","41_1",1,1,"ALCR",7.4676,"L"
"DALTON","41_1",1,2,"BENE",1,"D"
"DALTON","41_1",1,2,"SALIX",1.83,"L"
"DALTON","41_1",1,2,"POTR",3,"L"
"DALTON","41_1",1,2,"PIME",1.6,"D"
"DALTON","41_1",1,2,"ALCR",11.8872,"L"
"DALTON","41_1",1,3,"BENE",4.2,"L"
"DALTON","41_1",1,3,"SALIX",5.7912,"L"
"DALTON","41_1",1,3,"POTR",4.5,"L"
"DALTON","41_1",1,3,"PIME",2.2,"D"
"DALTON","41_1",1,3,"ALCR",17.6784,"L"
"DALTON","41_1",1,4,"BENE",0.5,"L"
"DALTON","41_1",1,4,"SALIX",2.1,"L"
"DALTON","41_1",1,4,"POTR",9.7536,"L"
"DALTON","41_1",1,4,"PIME",0.8,"D"
"DALTON","41_1",1,4,"ALCR",2.7,"L"
"DALTON","41_1",1,5,"BENE",1.3,"L"
"DALTON","41_1",1,5,"SALIX",1.8,"L"
"DALTON","41_1",1,5,"POTR",10.9728,"L"
"DALTON","41_1",1,5,"PIME",1.53,"D"
"DALTON","41_1",1,5,"ALCR",19.6596,"L"
"DALTON","41_1",1,6,"BENE",2.3,"L"
"DALTON","41_1",1,6,"SALIX",3.8,"L"
"DALTON","41_1",1,6,"POTR",10.3632,"L"
"DALTON","41_1",1,6,"PIME",0.6,"D"
"DALTON","41_1",1,6,"ALCR",20.5,"L"
"DALTON","41_1",1,7,"BENE",4.6,"L"
"DALTON","41_1",1,7,"SALIX",0.57,"L"
"DALTON","41_1",1,7,"POTR",4.4,"L"
"DALTON","41_1",1,7,"PIME",1.3,"D"
"DALTON","41_1",1,7,"ALCR",7.4676,"L"
"DALTON","41_1",1,8,"BENE",6.7056,"L"
"DALTON","41_1",1,8,"SALIX",3.6,"L"
"DALTON","41_1",1,8,"POTR",7.7724,"L"
"DALTON","41_1",1,8,"PIME",1.4,"D"
"DALTON","41_1",1,8,"ALCR",5.9436,"L"
"DALTON","41_1",1,9,"BENE",1,"D"
"DALTON","41_1",1,9,"SALIX",2.1,"L"
"DALTON","41_1",1,9,"POTR",10.5156,"L"
"DALTON","41_1",1,9,"PIME",1.8,"D"
"DALTON","41_1",1,9,"ALCR",15.8496,"L"
"DALTON","41_1",1,10,"BENE",3.99288,"D"
"DALTON","41_1",1,10,"SALIX",5.4864,"L"
"DALTON","41_1",1,10,"POTR",5.0292,"L"
"DALTON","41_1",1,10,"PIME",2.9,"D"
"DALTON","41_1",1,10,"ALCR",17.9832,"L"
"DALTON","48_1",1,1,"BENE",1.1,"L"
"DALTON","48_1",1,1,"SALIX",2.13,"L"
"DALTON","48_1",1,1,"POTR",2.9,"L"
"DALTON","48_1",1,1,"PIME",1.8,"D"
"DALTON","48_1",1,1,"ALCR",4.33,"L"
"DALTON","48_1",1,2,"BENE",1.63,"L"
"DALTON","48_1",1,2,"SALIX",0.95,"L"
"DALTON","48_1",1,2,"POTR",6.096,"L"
"DALTON","48_1",1,2,"PIME",1.65,"D"
"DALTON","48_1",1,2,"ALCR",20.4216,"L"
"DALTON","48_1",1,3,"BENE",2.4,"L"
"DALTON","48_1",1,3,"SALIX",2.2,"L"
"DALTON","48_1",1,3,"POTR",8.8392,"L"
"DALTON","48_1",1,3,"PIME",1.58,"D"
"DALTON","48_1",1,3,"ALCR",7.0104,"L"
"DALTON","48_1",1,4,"BENE",0.94,"L"
"DALTON","48_1",1,4,"SALIX",0.85,"L"
"DALTON","48_1",1,4,"POTR",3.8,"L"
"DALTON","48_1",1,4,"PIME",1.3,"D"
"DALTON","48_1",1,4,"ALCR",7.3152,"L"
"DALTON","48_1",1,5,"BENE",2.9,"L"
"DALTON","48_1",1,5,"SALIX",1,"L"
"DALTON","48_1",1,5,"POTR",4.7244,"L"
"DALTON","48_1",1,5,"PIME",1.48,"L"
"DALTON","48_1",1,5,"ALCR",10.2108,"L"
"DALTON","48_1",1,6,"BENE",0.45,"L"
"DALTON","48_1",1,6,"SALIX",0.35,"L"
"DALTON","48_1",1,6,"POTR",3.4,"L"
"DALTON","48_1",1,6,"PIME",1.6,"D"
"DALTON","48_1",1,6,"ALCR",1.65,"L"
"DALTON","48_1",1,7,"BENE",0.8,"L"
"DALTON","48_1",1,7,"SALIX",3.1,"L"
"DALTON","48_1",1,7,"POTR",4.9,"L"
"DALTON","48_1",1,7,"PIME",2.9,"D"
"DALTON","48_1",1,7,"ALCR",12.8016,"L"
"DALTON","48_1",1,8,"BENE",0.67,"L"
"DALTON","48_1",1,8,"SALIX",0.64,"L"
"DALTON","48_1",1,8,"POTR",0.56,"L"
"DALTON","48_1",1,8,"PIME",1.44,"D"
"DALTON","48_1",1,8,"ALCR",4.52,"L"
"DALTON","48_1",1,9,"BENE",1.47,"L"
"DALTON","48_1",1,9,"SALIX",1.2,"L"
"DALTON","48_1",1,9,"POTR",4.54,"L"
"DALTON","48_1",1,9,"PIME",0.8,"D"
"DALTON","48_1",1,9,"ALCR",11.1252,"L"
"DALTON","48_1",1,10,"BENE",1.3,"L"
"DALTON","48_1",1,10,"SALIX",2.41,"L"
"DALTON","48_1",1,10,"POTR",4.3,"L"
"DALTON","48_1",1,10,"PIME",2.15,"D"
"DALTON","48_1",1,10,"ALCR",11.8872,"L"
"DALTON","40_2",2,1,"BENE",4.8768,"L"
"DALTON","40_2",2,1,"SALIX",3,"L"
"DALTON","40_2",2,1,"PIME",4.7244,"D"
"DALTON","40_2",2,1,"ALCR",3,"L"
"DALTON","40_2",2,1,"POTR",11.2776,"L"
"DALTON","40_2",2,2,"BENE",2.86,"L"
"DALTON","40_2",2,2,"SALIX",1,"L"
"DALTON","40_2",2,2,"PIME",1.1,"L"
"DALTON","40_2",2,2,"ALCR",14.1732,"L"
"DALTON","40_2",2,2,"POTR",4.5,"L"
"DALTON","40_2",2,3,"BENE",3.4,"L"
"DALTON","40_2",2,3,"SALIX",3.2,"L"
"DALTON","40_2",2,3,"PIME",1,"D"
"DALTON","40_2",2,3,"ALCR",8.0772,"L"
"DALTON","40_2",2,3,"POTR",5.1,"L"
"DALTON","40_2",2,4,"BENE",3.3,"L"
"DALTON","40_2",2,4,"SALIX",2.87,"L"
"DALTON","40_2",2,4,"PIME",3.74,"D"
"DALTON","40_2",2,4,"ALCR",4.3,"L"
"DALTON","40_2",2,4,"POTR",16.002,"L"
"DALTON","40_2",2,5,"BENE",1.25,"L"
"DALTON","40_2",2,5,"SALIX",2.7,"L"
"DALTON","40_2",2,5,"PIME",3.45,"L"
"DALTON","40_2",2,5,"ALCR",11.2776,"L"
"DALTON","40_2",2,5,"POTR",1.26,"L"
"DALTON","40_2",2,6,"BENE",2.7,"L"
"DALTON","40_2",2,6,"SALIX",1.4,"L"
"DALTON","40_2",2,6,"PIME",3.1,"L"
"DALTON","40_2",2,6,"ALCR",10.7442,"L"
"DALTON","40_2",2,6,"POTR",2.01,"L"
"DALTON","40_2",2,7,"BENE",2.8,"L"
"DALTON","40_2",2,7,"SALIX",2.8,"L"
"DALTON","40_2",2,7,"PIME",3.4,"L"
"DALTON","40_2",2,7,"ALCR",8.1,"L"
"DALTON","40_2",2,7,"POTR",3.2,"L"
"DALTON","40_2",2,8,"BENE",1,"L"
"DALTON","40_2",2,8,"SALIX",2.3,"L"
"DALTON","40_2",2,8,"PIME",2,"D"
"DALTON","40_2",2,8,"ALCR",14.0208,"L"
"DALTON","40_2",2,8,"POTR",5.5,"L"
"DALTON","40_2",2,9,"BENE",3.05,"L"
"DALTON","40_2",2,9,"SALIX",4,"L"
"DALTON","40_2",2,9,"PIME",1.76,"L"
"DALTON","40_2",2,9,"ALCR",2.15,"L"
"DALTON","40_2",2,9,"POTR",2.74,"L"
"DALTON","40_2",2,10,"BENE",3.6,"L"
"DALTON","40_2",2,10,"SALIX",2.8,"L"
"DALTON","40_2",2,10,"PIME",2.6,"D"
"DALTON","40_2",2,10,"ALCR",2.6,"L"
"DALTON","40_2",2,10,"POTR",2.7,"L"
"DALTON","42_1",1,1,"BENE",3.54,"L"
"DALTON","42_1",1,1,"PIME",0.5,"D"
"DALTON","42_1",1,1,"SALIX",1.6,"L"
"DALTON","42_1",1,1,"ALCR",3.7,"L"
"DALTON","42_1",1,2,"BENE",3.3,"L"
"DALTON","42_1",1,2,"PIME",1.3,"D"
"DALTON","42_1",1,2,"SALIX",9.4488,"L"
"DALTON","42_1",1,2,"ALCR",5.5,"L"
"DALTON","42_1",1,3,"BENE",2.7,"L"
"DALTON","42_1",1,3,"PIME",0.64,"D"
"DALTON","42_1",1,3,"SALIX",10.2108,"L"
"DALTON","42_1",1,3,"ALCR",7.4,"L"
"DALTON","42_1",1,4,"BENE",1.35,"L"
"DALTON","42_1",1,4,"PIME",0.8,"D"
"DALTON","42_1",1,4,"SALIX",1.4,"L"
"DALTON","42_1",1,4,"ALCR",9.4488,"L"
"DALTON","42_1",1,5,"BENE",1.57,"L"
"DALTON","42_1",1,5,"PIME",1,"D"
"DALTON","42_1",1,5,"SALIX",6.5532,"L"
"DALTON","42_1",1,5,"ALCR",14.3256,"L"
"DALTON","42_1",1,6,"BENE",1.97,"L"
"DALTON","42_1",1,6,"PIME",0.4,"D"
"DALTON","42_1",1,6,"SALIX",2.25,"L"
"DALTON","42_1",1,6,"ALCR",4.6,"L"
"DALTON","42_1",1,7,"BENE",1.65,"L"
"DALTON","42_1",1,7,"PIME",1.3,"L"
"DALTON","42_1",1,7,"SALIX",5.28,"L"
"DALTON","42_1",1,7,"ALCR",2.6,"L"
"DALTON","42_1",1,8,"BENE",4.4,"L"
"DALTON","42_1",1,8,"PIME",1.18,"D"
"DALTON","42_1",1,8,"SALIX",4.572,"L"
"DALTON","42_1",1,8,"ALCR",11.43,"L"
"DALTON","42_1",1,9,"BENE",3.14,"L"
"DALTON","42_1",1,9,"PIME",1.43,"D"
"DALTON","42_1",1,9,"SALIX",5.9436,"L"
"DALTON","42_1",1,9,"ALCR",9.7536,"L"
"DALTON","42_1",1,10,"BENE",2.46,"L"
"DALTON","42_1",1,10,"PIME",1.5,"D"
"DALTON","42_1",1,10,"SALIX",6.096,"L"
"DALTON","42_1",1,10,"ALCR",9.2964,"L"
"DALTON","65_1",1,1,"BENE",4.6,"L"
"DALTON","65_1",1,1,"SALIX",2.8,"L"
"DALTON","65_1",1,1,"ALCR",0.7,"L"
"DALTON","65_1",1,1,"PIME",0.95,"D"
"DALTON","65_1",1,2,"BENE",5.5,"L"
"DALTON","65_1",1,2,"SALIX",1.5,"L"
"DALTON","65_1",1,2,"ALCR",1.3,"L"
"DALTON","65_1",1,2,"PIME",0.72,"D"
"DALTON","65_1",1,3,"BENE",4.95,"L"
"DALTON","65_1",1,3,"SALIX",0.9,"L"
"DALTON","65_1",1,3,"ALCR",5.9436,"L"
"DALTON","65_1",1,3,"PIME",1.1,"D"
"DALTON","65_1",1,4,"BENE",7.9248,"L"
"DALTON","65_1",1,4,"SALIX",1.2,"L"
"DALTON","65_1",1,4,"ALCR",4.4,"L"
"DALTON","65_1",1,4,"PIME",1.8,"D"
"DALTON","65_1",1,5,"BENE",4.1,"L"
"DALTON","65_1",1,5,"SALIX",1.11,"L"
"DALTON","65_1",1,5,"ALCR",4.7244,"L"
"DALTON","65_1",1,5,"PIME",1.33,"D"
"DALTON","65_1",1,6,"BENE",22,"L"
"DALTON","65_1",1,6,"SALIX",1.06,"L"
"DALTON","65_1",1,6,"ALCR",2.4,"L"
"DALTON","65_1",1,6,"PIME",2.82,"D"
"DALTON","65_1",1,7,"BENE",1.9,"L"
"DALTON","65_1",1,7,"SALIX",0.74,"L"
"DALTON","65_1",1,7,"ALCR",1.12,"L"
"DALTON","65_1",1,7,"PIME",1.2,"L"
"DALTON","65_1",1,8,"BENE",7.0104,"L"
"DALTON","65_1",1,8,"SALIX",1.8,"L"
"DALTON","65_1",1,8,"ALCR",2.3,"L"
"DALTON","65_1",1,8,"PIME",0.9,"D"
"DALTON","65_1",1,9,"BENE",5.3,"L"
"DALTON","65_1",1,9,"SALIX",2.7,"L"
"DALTON","65_1",1,9,"ALCR",3.6,"L"
"DALTON","65_1",1,9,"PIME",0.66,"D"
"DALTON","65_1",1,10,"BENE",3.55,"L"
"DALTON","65_1",1,10,"SALIX",0.87,"L"
"DALTON","65_1",1,10,"ALCR",7.9,"L"
"DALTON","65_1",1,10,"PIME",0.8,"D"
"DALTON","64_1",1,1,"BENE",4.3,"L"
"DALTON","64_1",1,1,"SALIX",5.7,"L"
"DALTON","64_1",1,1,"ALCR",2.1,"L"
"DALTON","64_1",1,1,"PIME",0.9,"D"
"DALTON","64_1",1,2,"BENE",4.1,"L"
"DALTON","64_1",1,2,"SALIX",2.4,"L"
"DALTON","64_1",1,2,"ALCR",1.6,"L"
"DALTON","64_1",1,2,"PIME",1.5,"D"
"DALTON","64_1",1,3,"BENE",2.8,"L"
"DALTON","64_1",1,3,"SALIX",2.1,"L"
"DALTON","64_1",1,3,"ALCR",3.3,"L"
"DALTON","64_1",1,3,"PIME",0.84,"D"
"DALTON","64_1",1,4,"BENE",3,"L"
"DALTON","64_1",1,4,"SALIX",5.2,"L"
"DALTON","64_1",1,4,"ALCR",1.65,"L"
"DALTON","64_1",1,4,"PIME",1.55,"D"
"DALTON","64_1",1,5,"BENE",2.6,"L"
"DALTON","64_1",1,5,"SALIX",4.4,"L"
"DALTON","64_1",1,5,"ALCR",1.4,"L"
"DALTON","64_1",1,5,"PIME",1.3,"D"
"DALTON","64_1",1,6,"BENE",2.8,"L"
"DALTON","64_1",1,6,"SALIX",2.1,"L"
"DALTON","64_1",1,6,"ALCR",1.7,"L"
"DALTON","64_1",1,6,"PIME",0.4,"D"
"DALTON","64_1",1,7,"BENE",2.6,"L"
"DALTON","64_1",1,7,"SALIX",6.6,"L"
"DALTON","64_1",1,7,"ALCR",1.7,"L"
"DALTON","64_1",1,7,"PIME",1.8,"D"
"DALTON","64_1",1,8,"BENE",2.8,"L"
"DALTON","64_1",1,8,"SALIX",3.4,"L"
"DALTON","64_1",1,8,"ALCR",2.7,"L"
"DALTON","64_1",1,8,"PIME",1.2,"D"
"DALTON","64_1",1,9,"BENE",3.5,"L"
"DALTON","64_1",1,9,"SALIX",4.01,"L"
"DALTON","64_1",1,9,"ALCR",2.11,"L"
"DALTON","64_1",1,9,"PIME",1.86,"D"
"DALTON","64_1",1,10,"BENE",3.84,"L"
"DALTON","64_1",1,10,"SALIX",5.4,"L"
"DALTON","64_1",1,10,"ALCR",4.6,"L"
"DALTON","64_1",1,10,"PIME",1.5,"D"
"DALTON","50_1",1,1,"BENE",0.9,"L"
"DALTON","50_1",1,1,"SALIX",5.6,"L"
"DALTON","50_1",1,1,"PIME",3.83,"D"
"DALTON","50_1",1,1,"ALCR",1.9,"L"
"DALTON","50_1",1,2,"BENE",2.34,"L"
"DALTON","50_1",1,2,"SALIX",1.38,"L"
"DALTON","50_1",1,2,"PIME",2.57,"D"
"DALTON","50_1",1,2,"ALCR",2.25,"L"
"DALTON","50_1",1,3,"BENE",1,"L"
"DALTON","50_1",1,3,"SALIX",1,"L"
"DALTON","50_1",1,3,"PIME",6.4,"D"
"DALTON","50_1",1,3,"ALCR",1.1,"L"
"DALTON","50_1",1,4,"BENE",0.77,"L"
"DALTON","50_1",1,4,"SALIX",1.8,"L"
"DALTON","50_1",1,4,"PIME",4,"D"
"DALTON","50_1",1,4,"ALCR",1.07,"L"
"DALTON","50_1",1,5,"BENE",1.4,"L"
"DALTON","50_1",1,5,"SALIX",2.34,"L"
"DALTON","50_1",1,5,"PIME",4.27,"D"
"DALTON","50_1",1,5,"ALCR",5.55,"L"
"DALTON","50_1",1,6,"BENE",1.64,"L"
"DALTON","50_1",1,6,"SALIX",1.5,"L"
"DALTON","50_1",1,6,"PIME",2.3,"D"
"DALTON","50_1",1,6,"ALCR",1.8,"L"
"DALTON","50_1",1,7,"BENE",0.6,"L"
"DALTON","50_1",1,7,"SALIX",0.6,"L"
"DALTON","50_1",1,7,"PIME",13.1064,"D"
"DALTON","50_1",1,7,"ALCR",2.1,"L"
"DALTON","50_1",1,8,"BENE",1.6,"L"
"DALTON","50_1",1,8,"SALIX",1.36,"L"
"DALTON","50_1",1,8,"PIME",3.35,"D"
"DALTON","50_1",1,8,"ALCR",2.3,"L"
"DALTON","50_1",1,9,"BENE",0.9,"L"
"DALTON","50_1",1,9,"SALIX",3.2,"L"
"DALTON","50_1",1,9,"PIME",0.5,"D"
"DALTON","50_1",1,9,"ALCR",3.57,"L"
"DALTON","50_1",1,10,"BENE",0.45,"L"
"DALTON","50_1",1,10,"SALIX",2.54,"L"
"DALTON","50_1",1,10,"PIME",3.33,"D"
"DALTON","50_1",1,10,"ALCR",2.7,"L"
"DALTON","12_1",1,1,"BENE",0.8,"L"
"DALTON","12_1",1,1,"SALIX",1.2,"L"
"DALTON","12_1",1,1,"PIME",5.5,"D"
"DALTON","12_1",1,1,"ALCR",1.75,"L"
"DALTON","12_1",1,2,"BENE",1.1,"L"
"DALTON","12_1",1,2,"SALIX",2,"L"
"DALTON","12_1",1,2,"PIME",6.2484,"D"
"DALTON","12_1",1,2,"ALCR",2.53,"L"
"DALTON","12_1",1,3,"BENE",1.2,"L"
"DALTON","12_1",1,3,"SALIX",0.65,"L"
"DALTON","12_1",1,3,"PIME",4.26,"D"
"DALTON","12_1",1,3,"ALCR",4.3,"L"
"DALTON","12_1",1,4,"BENE",1.1,"L"
"DALTON","12_1",1,4,"SALIX",1.5,"L"
"DALTON","12_1",1,4,"PIME",6.2484,"D"
"DALTON","12_1",1,4,"ALCR",0.95,"L"
"DALTON","12_1",1,5,"BENE",0.7,"L"
"DALTON","12_1",1,5,"SALIX",1.1,"L"
"DALTON","12_1",1,5,"PIME",9.6012,"D"
"DALTON","12_1",1,5,"ALCR",1.96,"L"
"DALTON","12_1",1,6,"BENE",0.77,"L"
"DALTON","12_1",1,6,"SALIX",0.3,"L"
"DALTON","12_1",1,6,"PIME",6.52272,"D"
"DALTON","12_1",1,6,"ALCR",2.81,"L"
"DALTON","12_1",1,7,"BENE",0.5,"L"
"DALTON","12_1",1,7,"SALIX",1.12,"L"
"DALTON","12_1",1,7,"PIME",8.5344,"D"
"DALTON","12_1",1,7,"ALCR",0.5,"L"
"DALTON","12_1",1,8,"BENE",0.45,"L"
"DALTON","12_1",1,8,"SALIX",1.82,"L"
"DALTON","12_1",1,8,"PIME",16.6116,"D"
"DALTON","12_1",1,8,"ALCR",1.2,"L"
"DALTON","12_1",1,9,"BENE",1.12,"L"
"DALTON","12_1",1,9,"SALIX",0.55,"L"
"DALTON","12_1",1,9,"PIME",9.144,"D"
"DALTON","12_1",1,9,"ALCR",2.09,"L"
"DALTON","12_1",1,10,"BENE",1.6,"L"
"DALTON","12_1",1,10,"SALIX",2.38,"L"
"DALTON","12_1",1,10,"PIME",1.8,"D"
"DALTON","12_1",1,10,"ALCR",4.5,"L"
"DALTON","56_2",2,1,"BENE",0.67,"L"
"DALTON","56_2",2,1,"SALIX",1.37,"L"
"DALTON","56_2",2,1,"ALCR",2.32,"L"
"DALTON","56_2",2,1,"PIME",6.5532,"L"
"DALTON","56_2",2,2,"BENE",1.33,"L"
"DALTON","56_2",2,2,"SALIX",1.16,"L"
"DALTON","56_2",2,2,"ALCR",0.9,"L"
"DALTON","56_2",2,2,"PIME",6.99,"L"
"DALTON","56_2",2,3,"BENE",0.6,"L"
"DALTON","56_2",2,3,"SALIX",0.6,"L"
"DALTON","56_2",2,3,"ALCR",2.6,"L"
"DALTON","56_2",2,3,"PIME",4.71,"L"
"DALTON","56_2",2,4,"BENE",0.5,"L"
"DALTON","56_2",2,4,"SALIX",1.26,"L"
"DALTON","56_2",2,4,"ALCR",0.64,"L"
"DALTON","56_2",2,4,"PIME",5.58,"L"
"DALTON","56_2",2,5,"BENE",0.52,"L"
"DALTON","56_2",2,5,"SALIX",0.69,"L"
"DALTON","56_2",2,5,"ALCR",0.75,"L"
"DALTON","56_2",2,5,"PIME",3.69,"L"
"DALTON","56_2",2,6,"BENE",1.03,"L"
"DALTON","56_2",2,6,"SALIX",1,"L"
"DALTON","56_2",2,6,"ALCR",1.5,"L"
"DALTON","56_2",2,6,"PIME",6.76,"L"
"DALTON","56_2",2,7,"BENE",0.46,"L"
"DALTON","56_2",2,7,"SALIX",0.73,"L"
"DALTON","56_2",2,7,"ALCR",3.63,"L"
"DALTON","56_2",2,7,"PIME",4.02,"L"
"DALTON","56_2",2,8,"BENE",0.78,"L"
"DALTON","56_2",2,8,"SALIX",1.95,"L"
"DALTON","56_2",2,8,"ALCR",4.31,"L"
"DALTON","56_2",2,8,"PIME",1.7,"L"
"DALTON","56_2",2,9,"BENE",0.93,"L"
"DALTON","56_2",2,9,"SALIX",0.9,"L"
"DALTON","56_2",2,9,"ALCR",1.82,"L"
"DALTON","56_2",2,9,"PIME",5.26,"L"
"DALTON","56_2",2,10,"BENE",0.99,"L"
"DALTON","56_2",2,10,"SALIX",1.21,"L"
"DALTON","56_2",2,10,"ALCR",1.43,"L"
"DALTON","56_2",2,10,"PIME",0.93,"L"
"DALTON","57_2",2,1,"BENE",0.71,"L"
"DALTON","57_2",2,1,"SALIX",2.9,"L"
"DALTON","57_2",2,1,"ALCR",6.4,"L"
"DALTON","57_2",2,1,"PIME",4.56,"L"
"DALTON","57_2",2,2,"BENE",0.94,"L"
"DALTON","57_2",2,2,"SALIX",0.2,"L"
"DALTON","57_2",2,2,"ALCR",2.9,"L"
"DALTON","57_2",2,2,"PIME",1.4,"D"
"DALTON","57_2",2,3,"BENE",0.65,"L"
"DALTON","57_2",2,3,"SALIX",2.44,"L"
"DALTON","57_2",2,3,"ALCR",9.7536,"L"
"DALTON","57_2",2,3,"PIME",5.7912,"D"
"DALTON","57_2",2,4,"BENE",0.5,"L"
"DALTON","57_2",2,4,"SALIX",0.8,"L"
"DALTON","57_2",2,4,"ALCR",2.73,"L"
"DALTON","57_2",2,4,"PIME",1.5,"D"
"DALTON","57_2",2,5,"BENE",0.46,"L"
"DALTON","57_2",2,5,"SALIX",4.9,"L"
"DALTON","57_2",2,5,"ALCR",11.4,"L"
"DALTON","57_2",2,5,"PIME",15.24,"D"
"DALTON","57_2",2,6,"BENE",1.1,"L"
"DALTON","57_2",2,6,"SALIX",0.7,"L"
"DALTON","57_2",2,6,"ALCR",1.66,"L"
"DALTON","57_2",2,6,"PIME",2.55,"D"
"DALTON","57_2",2,7,"BENE",0.64,"L"
"DALTON","57_2",2,7,"SALIX",3.31,"L"
"DALTON","57_2",2,7,"ALCR",5.94,"L"
"DALTON","57_2",2,7,"PIME",4.67,"L"
"DALTON","57_2",2,8,"BENE",0.43,"L"
"DALTON","57_2",2,8,"SALIX",4.87,"L"
"DALTON","57_2",2,8,"ALCR",2.3,"L"
"DALTON","57_2",2,8,"PIME",4.4,"D"
"DALTON","57_2",2,9,"BENE",0.8,"L"
"DALTON","57_2",2,9,"SALIX",1.82,"L"
"DALTON","57_2",2,9,"ALCR",15.6,"L"
"DALTON","57_2",2,9,"PIME",NA,""
"DALTON","57_2",2,10,"BENE",1.15,"L"
"DALTON","57_2",2,10,"SALIX",2.58,"L"
"DALTON","57_2",2,10,"ALCR",14.2,"L"
"DALTON","57_2",2,10,"PIME",9,"L"
"DALTON","47_2",2,1,"BENE",1.28,"L"
"DALTON","47_2",2,1,"SALIX",0.85,"L"
"DALTON","47_2",2,1,"PIME",4.75,"D"
"DALTON","47_2",2,1,"ALCR",0.89,"L"
"DALTON","47_2",2,2,"BENE",1.18,"L"
"DALTON","47_2",2,2,"SALIX",0.8,"L"
"DALTON","47_2",2,2,"PIME",2.26,"D"
"DALTON","47_2",2,2,"ALCR",4.73,"L"
"DALTON","47_2",2,3,"BENE",0.6,"L"
"DALTON","47_2",2,3,"SALIX",0.65,"L"
"DALTON","47_2",2,3,"PIME",3.71,"D"
"DALTON","47_2",2,3,"ALCR",1.74,"L"
"DALTON","47_2",2,4,"BENE",1.29,"L"
"DALTON","47_2",2,4,"SALIX",1.21,"L"
"DALTON","47_2",2,4,"PIME",9.906,"D"
"DALTON","47_2",2,4,"ALCR",2.94,"L"
"DALTON","47_2",2,5,"BENE",1.14,"L"
"DALTON","47_2",2,5,"SALIX",0.54,"L"
"DALTON","47_2",2,5,"PIME",3.42,"L"
"DALTON","47_2",2,5,"ALCR",7.04,"L"
"DALTON","47_2",2,6,"BENE",2.87,"L"
"DALTON","47_2",2,6,"SALIX",0.6,"L"
"DALTON","47_2",2,6,"PIME",3.73,"D"
"DALTON","47_2",2,6,"ALCR",1.53,"L"
"DALTON","47_2",2,7,"BENE",1.85,"L"
"DALTON","47_2",2,7,"SALIX",0.55,"L"
"DALTON","47_2",2,7,"PIME",1.48,"D"
"DALTON","47_2",2,7,"ALCR",2.65,"L"
"DALTON","47_2",2,8,"BENE",2.53,"L"
"DALTON","47_2",2,8,"SALIX",1.11,"L"
"DALTON","47_2",2,8,"PIME",1.62,"D"
"DALTON","47_2",2,8,"ALCR",2.74,"L"
"DALTON","47_2",2,9,"BENE",2.09,"L"
"DALTON","47_2",2,9,"SALIX",0.84,"L"
"DALTON","47_2",2,9,"PIME",8.2296,"D"
"DALTON","47_2",2,9,"ALCR",0.8,"L"
"DALTON","47_2",2,10,"BENE",0.57,"L"
"DALTON","47_2",2,10,"SALIX",1.2,"L"
"DALTON","47_2",2,10,"PIME",10.9728,"D"
"DALTON","47_2",2,10,"ALCR",0.66,"L"
"STEESE","17_3",3,1,"BENE",8.62,"L"
"STEESE","17_3",3,1,"POTR",0.55,"L"
"STEESE","17_3",3,1,"SALIX",0.45,"L"
"STEESE","17_3",3,1,"PIME",8.4,"D"
"STEESE","17_3",3,1,"ARCTO",5.9,"L"
"STEESE","17_3",3,2,"BENE",1.99,"L"
"STEESE","17_3",3,2,"POTR",1.08,"L"
"STEESE","17_3",3,2,"SALIX",0.56,"L"
"STEESE","17_3",3,2,"PIME",1.72,"L"
"STEESE","17_3",3,2,"ARCTO",2.74,"L"
"STEESE","17_3",3,3,"BENE",2.79,"L"
"STEESE","17_3",3,3,"POTR",0.37,"L"
"STEESE","17_3",3,3,"SALIX",0.58,"L"
"STEESE","17_3",3,3,"PIME",2.2,"L"
"STEESE","17_3",3,3,"ARCTO",6.14,"L"
"STEESE","17_3",3,4,"BENE",8,"L"
"STEESE","17_3",3,4,"POTR",0.5,"L"
"STEESE","17_3",3,4,"SALIX",0.5,"L"
"STEESE","17_3",3,4,"PIME",4.86,"L"
"STEESE","17_3",3,4,"ARCTO",6.66,"L"
"STEESE","17_3",3,5,"BENE",10.17,"L"
"STEESE","17_3",3,5,"POTR",0.5,"L"
"STEESE","17_3",3,5,"SALIX",0.73,"L"
"STEESE","17_3",3,5,"PIME",5.12,"D"
"STEESE","17_3",3,5,"ARCTO",3.8,"L"
"STEESE","17_3",3,6,"BENE",8.8,"L"
"STEESE","17_3",3,6,"POTR",1.24,"L"
"STEESE","17_3",3,6,"SALIX",0.63,"L"
"STEESE","17_3",3,6,"PIME",2.48,"L"
"STEESE","17_3",3,6,"ARCTO",1.9,"L"
"STEESE","17_3",3,7,"BENE",10.5,"L"
"STEESE","17_3",3,7,"POTR",0.8,"L"
"STEESE","17_3",3,7,"SALIX",0.8,"L"
"STEESE","17_3",3,7,"PIME",1.8,"L"
"STEESE","17_3",3,7,"ARCTO",4.3,"L"
"STEESE","17_3",3,8,"BENE",5.1,"L"
"STEESE","17_3",3,8,"POTR",0.76,"L"
"STEESE","17_3",3,8,"SALIX",0.54,"L"
"STEESE","17_3",3,8,"PIME",4.84,"D"
"STEESE","17_3",3,8,"ARCTO",3.7,"L"
"STEESE","17_3",3,9,"BENE",4.3,"L"
"STEESE","17_3",3,9,"POTR",1.07,"L"
"STEESE","17_3",3,9,"SALIX",0.64,"L"
"STEESE","17_3",3,9,"PIME",4.1,"D"
"STEESE","17_3",3,9,"ARCTO",6.24,"L"
"STEESE","17_3",3,10,"BENE",2.45,"L"
"STEESE","17_3",3,10,"POTR",0.74,"L"
"STEESE","17_3",3,10,"SALIX",1.17,"L"
"STEESE","17_3",3,10,"PIME",1,"D"
"STEESE","17_3",3,10,"ARCTO",3,"L"
"STEESE","22_3",3,1,"BENE",7.14,"L"
"STEESE","22_3",3,1,"POTR",1.8,"L"
"STEESE","22_3",3,1,"SALIX",0.57,"L"
"STEESE","22_3",3,1,"PIME",9.6,"L"
"STEESE","22_3",3,1,"ARCTO",4.5,"L"
"STEESE","22_3",3,1,"ALCR",5.63,"L"
"STEESE","22_3",3,2,"BENE",2,"L"
"STEESE","22_3",3,2,"POTR",1.17,"L"
"STEESE","22_3",3,2,"SALIX",0.66,"L"
"STEESE","22_3",3,2,"PIME",6.6,"L"
"STEESE","22_3",3,2,"ARCTO",1.93,"L"
"STEESE","22_3",3,2,"ALCR",10.03,"L"
"STEESE","22_3",3,3,"BENE",1.3,"L"
"STEESE","22_3",3,3,"POTR",1.24,"L"
"STEESE","22_3",3,3,"SALIX",1.2,"L"
"STEESE","22_3",3,3,"PIME",1.2,"L"
"STEESE","22_3",3,3,"ARCTO",3.7,"L"
"STEESE","22_3",3,3,"ALCR",5.16,"L"
"STEESE","22_3",3,4,"BENE",1.5,"L"
"STEESE","22_3",3,4,"POTR",0.95,"L"
"STEESE","22_3",3,4,"SALIX",4.4,"L"
"STEESE","22_3",3,4,"PIME",7.1,"L"
"STEESE","22_3",3,4,"ARCTO",4.2,"L"
"STEESE","22_3",3,4,"ALCR",9.9,"L"
"STEESE","22_3",3,5,"BENE",4.15,"L"
"STEESE","22_3",3,5,"POTR",1.74,"L"
"STEESE","22_3",3,5,"SALIX",0.74,"L"
"STEESE","22_3",3,5,"PIME",8.9,"L"
"STEESE","22_3",3,5,"ARCTO",5.3,"L"
"STEESE","22_3",3,5,"ALCR",12.65,"L"
"STEESE","22_3",3,6,"BENE",5.6,"L"
"STEESE","22_3",3,6,"POTR",1.27,"L"
"STEESE","22_3",3,6,"SALIX",1,"L"
"STEESE","22_3",3,6,"PIME",12.87,"L"
"STEESE","22_3",3,6,"ARCTO",9.6,"L"
"STEESE","22_3",3,6,"ALCR",15.5448,"L"
"STEESE","22_3",3,7,"BENE",5.73,"L"
"STEESE","22_3",3,7,"POTR",0.67,"L"
"STEESE","22_3",3,7,"SALIX",0.82,"L"
"STEESE","22_3",3,7,"PIME",4.2,"L"
"STEESE","22_3",3,7,"ARCTO",2.1,"L"
"STEESE","22_3",3,7,"ALCR",9.8,"L"
"STEESE","22_3",3,8,"BENE",8.83,"L"
"STEESE","22_3",3,8,"POTR",0.54,"L"
"STEESE","22_3",3,8,"SALIX",0.52,"L"
"STEESE","22_3",3,8,"PIME",11.6,"L"
"STEESE","22_3",3,8,"ARCTO",7.9,"L"
"STEESE","22_3",3,8,"ALCR",15.5448,"L"
"STEESE","22_3",3,9,"BENE",3.6,"L"
"STEESE","22_3",3,9,"POTR",1.38,"L"
"STEESE","22_3",3,9,"SALIX",1.74,"L"
"STEESE","22_3",3,9,"PIME",13.15,"L"
"STEESE","22_3",3,9,"ARCTO",1.9,"L"
"STEESE","22_3",3,9,"ALCR",12.6492,"L"
"STEESE","22_3",3,10,"BENE",5.28,"L"
"STEESE","22_3",3,10,"POTR",0.54,"L"
"STEESE","22_3",3,10,"SALIX",0.56,"L"
"STEESE","22_3",3,10,"PIME",15.5,"L"
"STEESE","22_3",3,10,"ARCTO",0.61,"L"
"STEESE","22_3",3,10,"ALCR",17.12,"L"
"STEESE","23_3",3,1,"BENE",2.66,"L"
"STEESE","23_3",3,1,"POTR",2.1,"L"
"STEESE","23_3",3,1,"SALIX",1.05,"L"
"STEESE","23_3",3,1,"ARCTO",10.9728,"L"
"STEESE","23_3",3,1,"PIME",8.63,"L"
"STEESE","23_3",3,2,"BENE",4.56,"L"
"STEESE","23_3",3,2,"POTR",1.83,"L"
"STEESE","23_3",3,2,"SALIX",2.86,"L"
"STEESE","23_3",3,2,"ARCTO",1.37,"L"
"STEESE","23_3",3,2,"PIME",12.954,"D"
"STEESE","23_3",3,3,"BENE",3.1,"L"
"STEESE","23_3",3,3,"POTR",1.42,"L"
"STEESE","23_3",3,3,"SALIX",1.76,"L"
"STEESE","23_3",3,3,"ARCTO",4.57,"L"
"STEESE","23_3",3,3,"PIME",9.2964,"L"
"STEESE","23_3",3,4,"BENE",2.6,"L"
"STEESE","23_3",3,4,"POTR",3.1,"L"
"STEESE","23_3",3,4,"SALIX",0.91,"L"
"STEESE","23_3",3,4,"ARCTO",2.57,"L"
"STEESE","23_3",3,4,"PIME",17.3736,"D"
"STEESE","23_3",3,5,"BENE",1.74,"L"
"STEESE","23_3",3,5,"POTR",1.33,"L"
"STEESE","23_3",3,5,"SALIX",0.82,"L"
"STEESE","23_3",3,5,"ARCTO",2.11,"L"
"STEESE","23_3",3,5,"PIME",7.4676,"D"
"STEESE","23_3",3,6,"BENE",4.93,"L"
"STEESE","23_3",3,6,"POTR",1.16,"L"
"STEESE","23_3",3,6,"SALIX",0.58,"L"
"STEESE","23_3",3,6,"ARCTO",5.5,"L"
"STEESE","23_3",3,6,"PIME",9.43,"L"
"STEESE","23_3",3,7,"BENE",4.37,"L"
"STEESE","23_3",3,7,"POTR",1.03,"L"
"STEESE","23_3",3,7,"SALIX",0.85,"L"
"STEESE","23_3",3,7,"ARCTO",8.4,"L"
"STEESE","23_3",3,7,"PIME",16.9164,"L"
"STEESE","23_3",3,8,"BENE",3.45,"L"
"STEESE","23_3",3,8,"POTR",2.57,"L"
"STEESE","23_3",3,8,"SALIX",0.92,"L"
"STEESE","23_3",3,8,"ARCTO",4.08,"L"
"STEESE","23_3",3,8,"PIME",16.3068,"L"
"STEESE","23_3",3,9,"BENE",2.68,"L"
"STEESE","23_3",3,9,"POTR",1.88,"L"
"STEESE","23_3",3,9,"SALIX",1.12,"L"
"STEESE","23_3",3,9,"ARCTO",2.17,"L"
"STEESE","23_3",3,9,"PIME",2.45,"D"
"STEESE","23_3",3,10,"BENE",2.4,"L"
"STEESE","23_3",3,10,"POTR",0.64,"L"
"STEESE","23_3",3,10,"SALIX",1.4,"L"
"STEESE","23_3",3,10,"ARCTO",3.74,"L"
"STEESE","23_3",3,10,"PIME",8.2296,"L"
"STEESE","2_3",3,1,"BENE",1.9,"L"
"STEESE","2_3",3,1,"POTR",1.07,"L"
"STEESE","2_3",3,1,"SALIX",1.27,"L"
"STEESE","2_3",3,1,"ARCTO",3.24,"L"
"STEESE","2_3",3,2,"BENE",2.7,"L"
"STEESE","2_3",3,2,"POTR",0.6,"L"
"STEESE","2_3",3,2,"SALIX",2.2,"L"
"STEESE","2_3",3,2,"ARCTO",7.8,"L"
"STEESE","2_3",3,3,"BENE",3.4,"L"
"STEESE","2_3",3,3,"POTR",1.56,"L"
"STEESE","2_3",3,3,"SALIX",0.92,"L"
"STEESE","2_3",3,3,"ARCTO",6.6,"L"
"STEESE","2_3",3,4,"BENE",1.99,"L"
"STEESE","2_3",3,4,"POTR",1.62,"L"
"STEESE","2_3",3,4,"SALIX",2.73,"L"
"STEESE","2_3",3,4,"ARCTO",10.5,"L"
"STEESE","2_3",3,5,"BENE",1.38,"L"
"STEESE","2_3",3,5,"POTR",1.03,"L"
"STEESE","2_3",3,5,"SALIX",1.15,"L"
"STEESE","2_3",3,5,"ARCTO",1.9,"L"
"STEESE","2_3",3,6,"BENE",3.2,"L"
"STEESE","2_3",3,6,"POTR",0.8,"L"
"STEESE","2_3",3,6,"SALIX",0.8,"L"
"STEESE","2_3",3,6,"ARCTO",8.55,"L"
"STEESE","2_3",3,7,"BENE",4.45,"L"
"STEESE","2_3",3,7,"POTR",1.02,"L"
"STEESE","2_3",3,7,"SALIX",1.78,"L"
"STEESE","2_3",3,7,"ARCTO",3.9,"L"
"STEESE","2_3",3,8,"BENE",0.94,"L"
"STEESE","2_3",3,8,"POTR",1.23,"L"
"STEESE","2_3",3,8,"SALIX",1.82,"L"
"STEESE","2_3",3,8,"ARCTO",4.54,"L"
"STEESE","2_3",3,9,"BENE",2.1,"L"
"STEESE","2_3",3,9,"POTR",1.2,"L"
"STEESE","2_3",3,9,"SALIX",1.53,"L"
"STEESE","2_3",3,9,"ARCTO",9.6,"L"
"STEESE","2_3",3,10,"BENE",2.65,"L"
"STEESE","2_3",3,10,"POTR",0.7,"L"
"STEESE","2_3",3,10,"SALIX",0.74,"L"
"STEESE","2_3",3,10,"ARCTO",9.7,"L"
"STEESE","24_3",3,1,"POTR",0.57,"L"
"STEESE","24_3",3,1,"SALIX",1.11,"L"
"STEESE","24_3",3,1,"BENE",2.68,"L"
"STEESE","24_3",3,2,"POTR",0.67,"L"
"STEESE","24_3",3,2,"SALIX",0.74,"L"
"STEESE","24_3",3,2,"BENE",3.1,"L"
"STEESE","24_3",3,3,"POTR",0.58,"L"
"STEESE","24_3",3,3,"SALIX",1.1,"L"
"STEESE","24_3",3,3,"BENE",1.62,"L"
"STEESE","24_3",3,4,"POTR",0.86,"L"
"STEESE","24_3",3,4,"SALIX",0.54,"L"
"STEESE","24_3",3,4,"BENE",4.01,"L"
"STEESE","24_3",3,5,"POTR",1.48,"L"
"STEESE","24_3",3,5,"SALIX",0.97,"L"
"STEESE","24_3",3,5,"BENE",4.03,"L"
"STEESE","24_3",3,6,"POTR",0.83,"L"
"STEESE","24_3",3,6,"SALIX",0.56,"L"
"STEESE","24_3",3,6,"BENE",0.65,"L"
"STEESE","24_3",3,7,"POTR",0.07,"L"
"STEESE","24_3",3,7,"SALIX",0.77,"L"
"STEESE","24_3",3,7,"BENE",0.66,"L"
"STEESE","24_3",3,8,"POTR",0.64,"L"
"STEESE","24_3",3,8,"SALIX",1.21,"L"
"STEESE","24_3",3,8,"BENE",1.47,"L"
"STEESE","24_3",3,9,"POTR",0.58,"L"
"STEESE","24_3",3,9,"SALIX",0.55,"L"
"STEESE","24_3",3,9,"BENE",2.64,"L"
"STEESE","24_3",3,10,"POTR",0.72,"L"
"STEESE","24_3",3,10,"SALIX",0.74,"L"
"STEESE","24_3",3,10,"BENE",5.5,"L"
"STEESE","19_2",2,1,"PIME",1.58,"D"
"STEESE","19_2",2,1,"SALIX",1.7,"L"
"STEESE","19_2",2,1,"BENE",5.5,"L"
"STEESE","19_2",2,1,"POTR",1.53,"L"
"STEESE","19_2",2,1,"ALCR",8.9,"L"
"STEESE","19_2",2,2,"PIME",0.88,"D"
"STEESE","19_2",2,2,"SALIX",0.6,"L"
"STEESE","19_2",2,2,"BENE",3.09,"L"
"STEESE","19_2",2,2,"POTR",4.7,"L"
"STEESE","19_2",2,2,"ALCR",16.6116,"L"
"STEESE","19_2",2,3,"PIME",0.4,"D"
"STEESE","19_2",2,3,"SALIX",2.35,"L"
"STEESE","19_2",2,3,"BENE",1.9,"L"
"STEESE","19_2",2,3,"POTR",1.1,"L"
"STEESE","19_2",2,3,"ALCR",14.6304,"L"
"STEESE","19_2",2,4,"PIME",0.76,"D"
"STEESE","19_2",2,4,"SALIX",1.1,"L"
"STEESE","19_2",2,4,"BENE",2.94,"L"
"STEESE","19_2",2,4,"POTR",2.21,"L"
"STEESE","19_2",2,4,"ALCR",4.9,"L"
"STEESE","19_2",2,5,"PIME",0.1,"D"
"STEESE","19_2",2,5,"SALIX",0.67,"L"
"STEESE","19_2",2,5,"BENE",3.98,"L"
"STEESE","19_2",2,5,"POTR",4.55,"L"
"STEESE","19_2",2,5,"ALCR",15.8496,"L"
"STEESE","19_2",2,6,"PIME",0.63,"D"
"STEESE","19_2",2,6,"SALIX",1.24,"L"
"STEESE","19_2",2,6,"BENE",0.97,"L"
"STEESE","19_2",2,6,"POTR",4.7,"L"
"STEESE","19_2",2,6,"ALCR",5.8,"L"
"STEESE","19_2",2,7,"PIME",0.64,"D"
"STEESE","19_2",2,7,"SALIX",1.62,"L"
"STEESE","19_2",2,7,"BENE",0.68,"L"
"STEESE","19_2",2,7,"POTR",1.9,"L"
"STEESE","19_2",2,7,"ALCR",10.9728,"L"
"STEESE","19_2",2,8,"PIME",0.71,"D"
"STEESE","19_2",2,8,"SALIX",1.49,"L"
"STEESE","19_2",2,8,"BENE",2,"L"
"STEESE","19_2",2,8,"POTR",0.6,"L"
"STEESE","19_2",2,8,"ALCR",3.63,"L"
"STEESE","19_2",2,9,"PIME",0.54,"D"
"STEESE","19_2",2,9,"SALIX",1.24,"L"
"STEESE","19_2",2,9,"BENE",2.12,"L"
"STEESE","19_2",2,9,"POTR",1.46,"L"
"STEESE","19_2",2,9,"ALCR",12.192,"L"
"STEESE","19_2",2,10,"PIME",0.68,"D"
"STEESE","19_2",2,10,"SALIX",0.67,"L"
"STEESE","19_2",2,10,"BENE",2.93,"L"
"STEESE","19_2",2,10,"POTR",3.75,"L"
"STEESE","19_2",2,10,"ALCR",11.1252,"L"
"STEESE","3_2",2,1,"BENE",4.2,"L"
"STEESE","3_2",2,1,"POTR",0.8,"L"
"STEESE","3_2",2,1,"ARCTO",2.97,"L"
"STEESE","3_2",2,1,"PIME",0.7,"D"
"STEESE","3_2",2,1,"ALCR",3.95,"L"
"STEESE","3_2",2,2,"BENE",2.43,"L"
"STEESE","3_2",2,2,"POTR",3.83,"L"
"STEESE","3_2",2,2,"ARCTO",6.77,"L"
"STEESE","3_2",2,2,"PIME",0.3,"D"
"STEESE","3_2",2,2,"ALCR",0.6,"L"
"STEESE","3_2",2,3,"BENE",0.64,"L"
"STEESE","3_2",2,3,"POTR",2.55,"L"
"STEESE","3_2",2,3,"ARCTO",3.12,"L"
"STEESE","3_2",2,3,"PIME",0.37,"D"
"STEESE","3_2",2,3,"ALCR",6.52,"L"
"STEESE","3_2",2,4,"BENE",2.36,"L"
"STEESE","3_2",2,4,"POTR",4.54,"L"
"STEESE","3_2",2,4,"ARCTO",3.24,"L"
"STEESE","3_2",2,4,"PIME",0.66,"L"
"STEESE","3_2",2,4,"ALCR",2.94,"L"
"STEESE","3_2",2,5,"BENE",2.27,"L"
"STEESE","3_2",2,5,"POTR",2.82,"L"
"STEESE","3_2",2,5,"ARCTO",2.91,"L"
"STEESE","3_2",2,5,"PIME",0.77,"D"
"STEESE","3_2",2,5,"ALCR",9.15,"L"
"STEESE","3_2",2,6,"BENE",1.64,"L"
"STEESE","3_2",2,6,"POTR",3.3,"L"
"STEESE","3_2",2,6,"ARCTO",5.35,"L"
"STEESE","3_2",2,6,"PIME",0.7,"D"
"STEESE","3_2",2,6,"ALCR",7.42,"L"
"STEESE","3_2",2,7,"BENE",2.84,"L"
"STEESE","3_2",2,7,"POTR",1.55,"L"
"STEESE","3_2",2,7,"ARCTO",2.97,"L"
"STEESE","3_2",2,7,"PIME",1.1,"L"
"STEESE","3_2",2,7,"ALCR",0.74,"L"
"STEESE","3_2",2,8,"BENE",1.24,"L"
"STEESE","3_2",2,8,"POTR",7,"L"
"STEESE","3_2",2,8,"ARCTO",2.1,"L"
"STEESE","3_2",2,8,"PIME",1.7,"D"
"STEESE","3_2",2,8,"ALCR",3.5,"L"
"STEESE","3_2",2,9,"BENE",1.89,"L"
"STEESE","3_2",2,9,"POTR",4.45,"L"
"STEESE","3_2",2,9,"ARCTO",2.5,"L"
"STEESE","3_2",2,9,"PIME",1.44,"D"
"STEESE","3_2",2,9,"ALCR",4.93,"L"
"STEESE","3_2",2,10,"BENE",2.52,"L"
"STEESE","3_2",2,10,"POTR",5.73,"L"
"STEESE","3_2",2,10,"ARCTO",4.53,"L"
"STEESE","3_2",2,10,"PIME",1.05,"D"
"STEESE","3_2",2,10,"ALCR",7,"L"
"STEESE","26_2",2,1,"BENE",1.9,"L"
"STEESE","26_2",2,1,"POTR",0.42,"L"
"STEESE","26_2",2,1,"ARCTO",4.5,"L"
"STEESE","26_2",2,1,"PIME",1.5,"L"
"STEESE","26_2",2,1,"ALCR",1.73,"L"
"STEESE","26_2",2,1,"SALIX",0.6,"L"
"STEESE","26_2",2,2,"BENE",0.9,"L"
"STEESE","26_2",2,2,"POTR",1.58,"L"
"STEESE","26_2",2,2,"ARCTO",1.33,"L"
"STEESE","26_2",2,2,"PIME",3.2,"L"
"STEESE","26_2",2,2,"ALCR",5.35,"L"
"STEESE","26_2",2,2,"SALIX",0.76,"L"
"STEESE","26_2",2,3,"BENE",0.8,"L"
"STEESE","26_2",2,3,"POTR",0.39,"L"
"STEESE","26_2",2,3,"ARCTO",1.68,"L"
"STEESE","26_2",2,3,"PIME",1.54,"D"
"STEESE","26_2",2,3,"ALCR",1.62,"L"
"STEESE","26_2",2,3,"SALIX",0.7,"L"
"STEESE","26_2",2,4,"BENE",0.49,"L"
"STEESE","26_2",2,4,"POTR",1.1,"L"
"STEESE","26_2",2,4,"ARCTO",2.3,"L"
"STEESE","26_2",2,4,"PIME",1.36,"L"
"STEESE","26_2",2,4,"ALCR",3.4,"L"
"STEESE","26_2",2,4,"SALIX",0.74,"L"
"STEESE","26_2",2,5,"BENE",0.74,"L"
"STEESE","26_2",2,5,"POTR",1.3,"L"
"STEESE","26_2",2,5,"ARCTO",8.2296,"L"
"STEESE","26_2",2,5,"PIME",1,"D"
"STEESE","26_2",2,5,"ALCR",4.5,"L"
"STEESE","26_2",2,5,"SALIX",0.4,"L"
"STEESE","26_2",2,6,"BENE",1.73,"L"
"STEESE","26_2",2,6,"POTR",2,"L"
"STEESE","26_2",2,6,"ARCTO",0.87,"L"
"STEESE","26_2",2,6,"PIME",1.51,"D"
"STEESE","26_2",2,6,"ALCR",1.2,"L"
"STEESE","26_2",2,6,"SALIX",1.62,"L"
"STEESE","26_2",2,7,"BENE",1.2,"L"
"STEESE","26_2",2,7,"POTR",1.3,"L"
"STEESE","26_2",2,7,"ARCTO",2.58,"L"
"STEESE","26_2",2,7,"PIME",0.7,"L"
"STEESE","26_2",2,7,"ALCR",3.4,"L"
"STEESE","26_2",2,7,"SALIX",1,"L"
"STEESE","26_2",2,8,"BENE",1.5,"L"
"STEESE","26_2",2,8,"POTR",0.9,"L"
"STEESE","26_2",2,8,"ARCTO",1.45,"L"
"STEESE","26_2",2,8,"PIME",0.97,"L"
"STEESE","26_2",2,8,"ALCR",1.45,"L"
"STEESE","26_2",2,8,"SALIX",1.92,"L"
"STEESE","26_2",2,9,"BENE",0.77,"L"
"STEESE","26_2",2,9,"POTR",0.6,"L"
"STEESE","26_2",2,9,"ARCTO",2.2,"L"
"STEESE","26_2",2,9,"PIME",1.12,"L"
"STEESE","26_2",2,9,"ALCR",1.17,"L"
"STEESE","26_2",2,9,"SALIX",0.99,"L"
"STEESE","26_2",2,10,"BENE",0.5,"L"
"STEESE","26_2",2,10,"POTR",0.57,"L"
"STEESE","26_2",2,10,"ARCTO",2.55,"L"
"STEESE","26_2",2,10,"PIME",0.81,"L"
"STEESE","26_2",2,10,"ALCR",0.6,"L"
"STEESE","26_2",2,10,"SALIX",0.99,"L"
"STEESE","4_2",2,1,"BENE",1.15,"L"
"STEESE","4_2",2,1,"PIME",1.15,"D"
"STEESE","4_2",2,1,"POTR",1.9,"L"
"STEESE","4_2",2,1,"SALIX",7.4676,"L"
"STEESE","4_2",2,1,"ALCR",7.8,"L"
"STEESE","4_2",2,2,"BENE",0.6,"L"
"STEESE","4_2",2,2,"PIME",0.84,"D"
"STEESE","4_2",2,2,"POTR",5.6,"L"
"STEESE","4_2",2,2,"SALIX",2.1,"L"
"STEESE","4_2",2,2,"ALCR",15.3924,"L"
"STEESE","4_2",2,3,"BENE",1.97,"L"
"STEESE","4_2",2,3,"PIME",0.53,"D"
"STEESE","4_2",2,3,"POTR",4.8768,"L"
"STEESE","4_2",2,3,"SALIX",1.96,"L"
"STEESE","4_2",2,3,"ALCR",9.2964,"L"
"STEESE","4_2",2,4,"BENE",1.4,"L"
"STEESE","4_2",2,4,"PIME",0.5,"D"
"STEESE","4_2",2,4,"POTR",2.13,"L"
"STEESE","4_2",2,4,"SALIX",8.6868,"L"
"STEESE","4_2",2,4,"ALCR",6.7056,"L"
"STEESE","4_2",2,5,"BENE",2.24,"L"
"STEESE","4_2",2,5,"PIME",0.34,"D"
"STEESE","4_2",2,5,"POTR",6.04,"L"
"STEESE","4_2",2,5,"SALIX",2.85,"L"
"STEESE","4_2",2,5,"ALCR",8.8392,"L"
"STEESE","4_2",2,6,"BENE",2.45,"L"
"STEESE","4_2",2,6,"PIME",0.55,"D"
"STEESE","4_2",2,6,"POTR",6.7056,"L"
"STEESE","4_2",2,6,"SALIX",4.6,"L"
"STEESE","4_2",2,6,"ALCR",9.4488,"L"
"STEESE","4_2",2,7,"BENE",0.6,"L"
"STEESE","4_2",2,7,"PIME",0.7,"D"
"STEESE","4_2",2,7,"POTR",1.2,"L"
"STEESE","4_2",2,7,"SALIX",6.23,"L"
"STEESE","4_2",2,7,"ALCR",2.75,"L"
"STEESE","4_2",2,8,"BENE",1.2,"L"
"STEESE","4_2",2,8,"PIME",0.43,"D"
"STEESE","4_2",2,8,"POTR",1.85,"L"
"STEESE","4_2",2,8,"SALIX",3,"L"
"STEESE","4_2",2,8,"ALCR",14.0208,"L"
"STEESE","4_2",2,9,"BENE",1.15,"L"
"STEESE","4_2",2,9,"PIME",0.9,"D"
"STEESE","4_2",2,9,"POTR",1.37,"L"
"STEESE","4_2",2,9,"SALIX",4.7,"L"
"STEESE","4_2",2,9,"ALCR",4.85,"L"
"STEESE","4_2",2,10,"BENE",1.9,"L"
"STEESE","4_2",2,10,"PIME",0.54,"D"
"STEESE","4_2",2,10,"POTR",2.9,"L"
"STEESE","4_2",2,10,"SALIX",7.9248,"L"
"STEESE","4_2",2,10,"ALCR",8.95,"L"
"STEESE","27_2",2,1,"BENE",2.2,"L"
"STEESE","27_2",2,1,"PIME",0.72,"D"
"STEESE","27_2",2,1,"POTR",2.2,"L"
"STEESE","27_2",2,1,"SALIX",2.2,"L"
"STEESE","27_2",2,1,"ALCR",13.1064,"L"
"STEESE","27_2",2,2,"BENE",2.1,"L"
"STEESE","27_2",2,2,"PIME",1.33,"D"
"STEESE","27_2",2,2,"POTR",1.2,"L"
"STEESE","27_2",2,2,"SALIX",3.62,"L"
"STEESE","27_2",2,2,"ALCR",1.97,"L"
"STEESE","27_2",2,3,"BENE",1.7,"L"
"STEESE","27_2",2,3,"PIME",0.52,"D"
"STEESE","27_2",2,3,"POTR",0.6,"L"
"STEESE","27_2",2,3,"SALIX",2.62,"L"
"STEESE","27_2",2,3,"ALCR",11.5824,"L"
"STEESE","27_2",2,4,"BENE",1.64,"L"
"STEESE","27_2",2,4,"PIME",0.53,"D"
"STEESE","27_2",2,4,"POTR",2.5,"L"
"STEESE","27_2",2,4,"SALIX",1.04,"L"
"STEESE","27_2",2,4,"ALCR",9.906,"L"
"STEESE","27_2",2,5,"BENE",1.6,"L"
"STEESE","27_2",2,5,"PIME",2.45,"D"
"STEESE","27_2",2,5,"POTR",2.25,"L"
"STEESE","27_2",2,5,"SALIX",4,"L"
"STEESE","27_2",2,5,"ALCR",12.192,"L"
"STEESE","27_2",2,6,"BENE",2.7,"L"
"STEESE","27_2",2,6,"PIME",0.5,"D"
"STEESE","27_2",2,6,"POTR",4.2,"L"
"STEESE","27_2",2,6,"SALIX",1,"L"
"STEESE","27_2",2,6,"ALCR",7.62,"L"
"STEESE","27_2",2,7,"BENE",1.2,"L"
"STEESE","27_2",2,7,"PIME",0.8,"D"
"STEESE","27_2",2,7,"POTR",1.77,"L"
"STEESE","27_2",2,7,"SALIX",2.3,"L"
"STEESE","27_2",2,7,"ALCR",4.9,"L"
"STEESE","27_2",2,8,"BENE",2.2,"L"
"STEESE","27_2",2,8,"PIME",1.64,"D"
"STEESE","27_2",2,8,"POTR",2.3,"L"
"STEESE","27_2",2,8,"SALIX",1.32,"L"
"STEESE","27_2",2,8,"ALCR",9.906,"L"
"STEESE","27_2",2,9,"BENE",1.1,"L"
"STEESE","27_2",2,9,"PIME",1.17,"D"
"STEESE","27_2",2,9,"POTR",1.5,"L"
"STEESE","27_2",2,9,"SALIX",1,"L"
"STEESE","27_2",2,9,"ALCR",5.6,"L"
"STEESE","27_2",2,10,"BENE",0.74,"L"
"STEESE","27_2",2,10,"PIME",0.7,"D"
"STEESE","27_2",2,10,"POTR",0.8,"L"
"STEESE","27_2",2,10,"SALIX",4.45,"L"
"STEESE","27_2",2,10,"ALCR",13.4112,"L"
"STEESE","5_1",1,1,"BENE",0.87,"L"
"STEESE","5_1",1,1,"PIME",1.3,"D"
"STEESE","5_1",1,1,"POTR",7.52,"L"
"STEESE","5_1",1,1,"ALCR",4.87,"L"
"STEESE","5_1",1,1,"SALIX",7.23,"L"
"STEESE","5_1",1,1,"ARCTO",7.0104,"L"
"STEESE","5_1",1,2,"BENE",2.54,"L"
"STEESE","5_1",1,2,"PIME",0.57,"D"
"STEESE","5_1",1,2,"POTR",5.37,"L"
"STEESE","5_1",1,2,"SALIX",0.51,"L"
"STEESE","5_1",1,2,"ALCR",3.82,"L"
"STEESE","5_1",1,2,"ARCTO",6.74,"L"
"STEESE","5_1",1,3,"BENE",2.14,"L"
"STEESE","5_1",1,3,"PIME",0.46,"D"
"STEESE","5_1",1,3,"POTR",3.29,"L"
"STEESE","5_1",1,3,"ALCR",2.85,"L"
"STEESE","5_1",1,3,"SALIX",4.06,"L"
"STEESE","5_1",1,3,"ARCTO",7.9248,"L"
"STEESE","5_1",1,4,"BENE",4.44,"L"
"STEESE","5_1",1,4,"PIME",0.47,"D"
"STEESE","5_1",1,4,"POTR",0.75,"L"
"STEESE","5_1",1,4,"ALCR",4.85,"L"
"STEESE","5_1",1,4,"SALIX",3.85,"L"
"STEESE","5_1",1,4,"ARCTO",2.1,"L"
"STEESE","5_1",1,5,"BENE",2.27,"L"
"STEESE","5_1",1,5,"PIME",0.82,"D"
"STEESE","5_1",1,5,"POTR",4,"L"
"STEESE","5_1",1,5,"ALCR",4.55,"L"
"STEESE","5_1",1,5,"SALIX",1.79,"L"
"STEESE","5_1",1,5,"ARCTO",7.84,"L"
"STEESE","5_1",1,6,"BENE",1.9,"L"
"STEESE","5_1",1,6,"POTR",7.65,"L"
"STEESE","5_1",1,6,"PIME",0.83,"D"
"STEESE","5_1",1,6,"ALCR",7.3152,"L"
"STEESE","5_1",1,6,"SALIX",6.72,"L"
"STEESE","5_1",1,6,"ARCTO",9.906,"L"
"STEESE","5_1",1,7,"BENE",3.3,"L"
"STEESE","5_1",1,7,"POTR",3.58,"L"
"STEESE","5_1",1,7,"PIME",1,"D"
"STEESE","5_1",1,7,"ALCR",7.62,"L"
"STEESE","5_1",1,7,"SALIX",2.15,"L"
"STEESE","5_1",1,7,"ARCTO",6.9,"L"
"STEESE","5_1",1,8,"BENE",3.3,"L"
"STEESE","5_1",1,8,"POTR",10.0584,"L"
"STEESE","5_1",1,8,"PIME",0.44,"D"
"STEESE","5_1",1,8,"ALCR",5.1,"L"
"STEESE","5_1",1,8,"SALIX",6.7056,"L"
"STEESE","5_1",1,8,"ARCTO",6.74,"L"
"STEESE","5_1",1,9,"BENE",0.98,"L"
"STEESE","5_1",1,9,"POTR",9.2964,"L"
"STEESE","5_1",1,9,"PIME",0.55,"D"
"STEESE","5_1",1,9,"ALCR",3.42,"L"
"STEESE","5_1",1,9,"SALIX",8.45,"L"
"STEESE","5_1",1,9,"ARCTO",6.4008,"L"
"STEESE","5_1",1,10,"BENE",3.4,"L"
"STEESE","5_1",1,10,"PIME",1.26,"L"
"STEESE","5_1",1,10,"POTR",1.76,"D"
"STEESE","5_1",1,10,"ALCR",4.4,"L"
"STEESE","5_1",1,10,"SALIX",2.7432,"L"
"STEESE","5_1",1,10,"ARCTO",6.4008,"L"
"STEESE","28_1",1,1,"BENE",0.52,"L"
"STEESE","28_1",1,1,"PIME",0.41,"D"
"STEESE","28_1",1,1,"SALIX",2.04,"L"
"STEESE","28_1",1,2,"BENE",0.6,"L"
"STEESE","28_1",1,2,"PIME",0.92,"D"
"STEESE","28_1",1,2,"SALIX",1.07,"L"
"STEESE","28_1",1,3,"BENE",0.63,"L"
"STEESE","28_1",1,3,"PIME",0.37,"D"
"STEESE","28_1",1,3,"SALIX",1.64,"L"
"STEESE","28_1",1,4,"BENE",1.33,"L"
"STEESE","28_1",1,4,"PIME",0.86,"D"
"STEESE","28_1",1,4,"SALIX",3.34,"L"
"STEESE","28_1",1,5,"BENE",0.64,"L"
"STEESE","28_1",1,5,"PIME",0.56,"D"
"STEESE","28_1",1,5,"SALIX",0.74,"L"
"STEESE","28_1",1,6,"BENE",0.6,"L"
"STEESE","28_1",1,6,"PIME",0.4,"D"
"STEESE","28_1",1,6,"SALIX",2.1,"L"
"STEESE","28_1",1,7,"BENE",0.75,"L"
"STEESE","28_1",1,7,"PIME",0.83,"D"
"STEESE","28_1",1,7,"SALIX",3.03,"L"
"STEESE","28_1",1,8,"BENE",0.63,"L"
"STEESE","28_1",1,8,"PIME",0.6,"D"
"STEESE","28_1",1,8,"SALIX",2.1,"L"
"STEESE","28_1",1,9,"BENE",0.94,"L"
"STEESE","28_1",1,9,"PIME",1.08,"D"
"STEESE","28_1",1,9,"SALIX",0.81,"L"
"STEESE","28_1",1,10,"BENE",1.03,"L"
"STEESE","28_1",1,10,"PIME",0.47,"D"
"STEESE","28_1",1,10,"SALIX",1.45,"L"
"STEESE","33_1",1,1,"BENE",3.82,"L"
"STEESE","33_1",1,1,"PIME",0.33,"D"
"STEESE","33_1",1,1,"SALIX",1.33,"L"
"STEESE","33_1",1,1,"ALCR",16.764,"L"
"STEESE","33_1",1,2,"BENE",3.13,"L"
"STEESE","33_1",1,2,"PIME",1.3,"D"
"STEESE","33_1",1,2,"SALIX",1.65,"L"
"STEESE","33_1",1,2,"ALCR",4.7244,"L"
"STEESE","33_1",1,3,"BENE",3.07,"L"
"STEESE","33_1",1,3,"PIME",0.43,"D"
"STEESE","33_1",1,3,"SALIX",9.144,"L"
"STEESE","33_1",1,3,"ALCR",1.3,"L"
"STEESE","33_1",1,4,"BENE",3.1,"D"
"STEESE","33_1",1,4,"PIME",0.65,"D"
"STEESE","33_1",1,4,"SALIX",3.54,"L"
"STEESE","33_1",1,4,"ALCR",3.7,"L"
"STEESE","33_1",1,5,"BENE",3.8,"L"
"STEESE","33_1",1,5,"PIME",0.27,"D"
"STEESE","33_1",1,5,"SALIX",1.02,"L"
"STEESE","33_1",1,5,"ALCR",9.2964,"L"
"STEESE","33_1",1,6,"BENE",1.42,"L"
"STEESE","33_1",1,6,"PIME",1.08,"D"
"STEESE","33_1",1,6,"SALIX",1.19,"L"
"STEESE","33_1",1,6,"ALCR",6.7056,"L"
"STEESE","33_1",1,7,"BENE",2.98,"L"
"STEESE","33_1",1,7,"PIME",1.78,"D"
"STEESE","33_1",1,7,"SALIX",1.77,"L"
"STEESE","33_1",1,7,"ALCR",11.2776,"L"
"STEESE","33_1",1,8,"BENE",3.4,"L"
"STEESE","33_1",1,8,"PIME",1.2,"D"
"STEESE","33_1",1,8,"SALIX",2.4,"L"
"STEESE","33_1",1,8,"ALCR",7.9248,"L"
"STEESE","33_1",1,9,"BENE",5,"L"
"STEESE","33_1",1,9,"PIME",1,"D"
"STEESE","33_1",1,9,"SALIX",2.4,"L"
"STEESE","33_1",1,9,"ALCR",17.526,"L"
"STEESE","33_1",1,10,"BENE",0.72,"L"
"STEESE","33_1",1,10,"PIME",0.43,"D"
"STEESE","33_1",1,10,"SALIX",2.92,"L"
"STEESE","33_1",1,10,"ALCR",15.3924,"L"
"STEESE","18_1",1,1,"BENE",0.8,"D"
"STEESE","18_1",1,1,"PIME",0.42,"L"
"STEESE","18_1",1,1,"POTR",1.84,"L"
"STEESE","18_1",1,1,"SALIX",1.1,"L"
"STEESE","18_1",1,2,"BENE",2.41,"L"
"STEESE","18_1",1,2,"PIME",0.25,"D"
"STEESE","18_1",1,2,"POTR",0.61,"L"
"STEESE","18_1",1,2,"SALIX",1.37,"L"
"STEESE","18_1",1,3,"BENE",1.4,"L"
"STEESE","18_1",1,3,"PIME",0.43,"D"
"STEESE","18_1",1,3,"POTR",1.9,"L"
"STEESE","18_1",1,3,"SALIX",1.36,"L"
"STEESE","18_1",1,4,"BENE",0.66,"L"
"STEESE","18_1",1,4,"PIME",2,"D"
"STEESE","18_1",1,4,"POTR",1.89,"L"
"STEESE","18_1",1,4,"SALIX",3.1,"L"
"STEESE","18_1",1,5,"BENE",1.56,"L"
"STEESE","18_1",1,5,"PIME",0.75,"D"
"STEESE","18_1",1,5,"POTR",0.8,"L"
"STEESE","18_1",1,5,"SALIX",3.35,"L"
"STEESE","18_1",1,6,"BENE",2,"L"
"STEESE","18_1",1,6,"PIME",0.97,"D"
"STEESE","18_1",1,6,"POTR",2.46,"L"
"STEESE","18_1",1,6,"SALIX",2,"L"
"STEESE","18_1",1,7,"BENE",1.1,"L"
"STEESE","18_1",1,7,"PIME",0.76,"L"
"STEESE","18_1",1,7,"POTR",3.93,"L"
"STEESE","18_1",1,7,"SALIX",2.9,"L"
"STEESE","18_1",1,8,"BENE",1.66,"L"
"STEESE","18_1",1,8,"PIME",0.6,"D"
"STEESE","18_1",1,8,"POTR",3.5,"L"
"STEESE","18_1",1,8,"SALIX",1.5,"L"
"STEESE","18_1",1,9,"BENE",0.97,"L"
"STEESE","18_1",1,9,"PIME",0.76,"D"
"STEESE","18_1",1,9,"POTR",1.5,"L"
"STEESE","18_1",1,9,"SALIX",4.6,"L"
"STEESE","18_1",1,10,"BENE",3.55,"L"
"STEESE","18_1",1,10,"PIME",0.67,"D"
"STEESE","18_1",1,10,"POTR",4.08,"L"
"STEESE","18_1",1,10,"SALIX",5.9,"L"
"STEESE","25_3",3,1,"ARCTO",8.0772,"L"
"STEESE","25_3",3,1,"BENE",3.25,"L"
"STEESE","25_3",3,1,"POTR",1.36,"L"
"STEESE","25_3",3,1,"SALIX",0.8,"L"
"STEESE","25_3",3,1,"PIME",8.8392,"L"
"STEESE","25_3",3,2,"ARCTO",5.7,"L"
"STEESE","25_3",3,2,"BENE",0.85,"L"
"STEESE","25_3",3,2,"POTR",1.25,"L"
"STEESE","25_3",3,2,"SALIX",0.57,"L"
"STEESE","25_3",3,2,"PIME",5.1816,"L"
"STEESE","25_3",3,3,"ARCTO",1.41,"L"
"STEESE","25_3",3,3,"BENE",4.27,"L"
"STEESE","25_3",3,3,"POTR",1.44,"L"
"STEESE","25_3",3,3,"SALIX",1.9,"L"
"STEESE","25_3",3,3,"PIME",5.67,"L"
"STEESE","25_3",3,4,"ARCTO",5.56,"L"
"STEESE","25_3",3,4,"BENE",1.2,"L"
"STEESE","25_3",3,4,"POTR",1.68,"L"
"STEESE","25_3",3,4,"SALIX",0.63,"L"
"STEESE","25_3",3,4,"PIME",5.52,"L"
"STEESE","25_3",3,5,"ARCTO",9.7,"L"
"STEESE","25_3",3,5,"BENE",0.53,"L"
"STEESE","25_3",3,5,"POTR",0.6,"L"
"STEESE","25_3",3,5,"SALIX",1,"L"
"STEESE","25_3",3,5,"PIME",8.8,"L"
"STEESE","25_3",3,6,"ARCTO",1.92,"L"
"STEESE","25_3",3,6,"BENE",5.1,"L"
"STEESE","25_3",3,6,"POTR",0.93,"L"
"STEESE","25_3",3,6,"SALIX",1.24,"L"
"STEESE","25_3",3,6,"PIME",2.26,"L"
"STEESE","25_3",3,7,"ARCTO",6.6,"L"
"STEESE","25_3",3,7,"BENE",6.65,"L"
"STEESE","25_3",3,7,"POTR",0.48,"L"
"STEESE","25_3",3,7,"SALIX",0.48,"L"
"STEESE","25_3",3,7,"PIME",7.37,"L"
"STEESE","25_3",3,8,"ARCTO",4.64,"L"
"STEESE","25_3",3,8,"BENE",2,"L"
"STEESE","25_3",3,8,"POTR",0.54,"L"
"STEESE","25_3",3,8,"SALIX",0.8,"L"
"STEESE","25_3",3,8,"PIME",4.46,"L"
"STEESE","25_3",3,9,"ARCTO",12.33,"L"
"STEESE","25_3",3,9,"BENE",3.84,"L"
"STEESE","25_3",3,9,"POTR",1.4,"L"
"STEESE","25_3",3,9,"SALIX",1.15,"L"
"STEESE","25_3",3,9,"PIME",11.44,"L"
"STEESE","25_3",3,10,"ARCTO",15.05,"L"
"STEESE","25_3",3,10,"BENE",5.1,"L"
"STEESE","25_3",3,10,"POTR",0.82,"L"
"STEESE","25_3",3,10,"SALIX",0.63,"L"
"STEESE","25_3",3,10,"PIME",14.35,"L"
"STEESE","36_1",1,1,"BENE",5.9436,"L"
"STEESE","36_1",1,1,"PIME",0.8,"D"
"STEESE","36_1",1,1,"SALIX",2.64,"L"
"STEESE","36_1",1,2,"BENE",19.6596,"L"
"STEESE","36_1",1,2,"PIME",0.9,"D"
"STEESE","36_1",1,2,"SALIX",1.5,"L"
"STEESE","36_1",1,3,"BENE",9.6012,"L"
"STEESE","36_1",1,3,"PIME",0.5,"D"
"STEESE","36_1",1,3,"SALIX",2.64,"L"
"STEESE","36_1",1,4,"BENE",18.4404,"L"
"STEESE","36_1",1,4,"PIME",0.56,"D"
"STEESE","36_1",1,4,"SALIX",3.44,"L"
"STEESE","36_1",1,5,"BENE",14.6304,"L"
"STEESE","36_1",1,5,"PIME",0.73,"D"
"STEESE","36_1",1,5,"SALIX",3.26,"L"
"STEESE","36_1",1,6,"BENE",15.24,"L"
"STEESE","36_1",1,6,"PIME",0.87,"D"
"STEESE","36_1",1,6,"SALIX",4,"L"
"STEESE","36_1",1,7,"BENE",7.5,"L"
"STEESE","36_1",1,7,"PIME",0.47,"D"
"STEESE","36_1",1,7,"SALIX",2,"L"
"STEESE","36_1",1,8,"BENE",12.954,"L"
"STEESE","36_1",1,8,"PIME",0.62,"D"
"STEESE","36_1",1,8,"SALIX",2.97,"L"
"STEESE","36_1",1,9,"BENE",11.1252,"L"
"STEESE","36_1",1,9,"PIME",0.43,"D"
"STEESE","36_1",1,9,"SALIX",2.83,"L"
"STEESE","36_1",1,10,"BENE",16.6116,"L"
"STEESE","36_1",1,10,"PIME",0.83,"D"
"STEESE","36_1",1,10,"SALIX",5.5,"L"
"STEESE","20_1",1,1,"PIME",0.8,"D"
"STEESE","20_1",1,1,"SALIX",3.05,"L"
"STEESE","20_1",1,1,"BENE",1.51,"L"
"STEESE","20_1",1,2,"PIME",0.59,"D"
"STEESE","20_1",1,2,"SALIX",1.06,"L"
"STEESE","20_1",1,2,"BENE",4.92,"L"
"STEESE","20_1",1,3,"PIME",1,"D"
"STEESE","20_1",1,3,"SALIX",1.7,"L"
"STEESE","20_1",1,3,"BENE",14.0208,"L"
"STEESE","20_1",1,4,"PIME",1.64,"D"
"STEESE","20_1",1,4,"SALIX",5,"L"
"STEESE","20_1",1,4,"BENE",10.39,"L"
"STEESE","20_1",1,5,"PIME",1.13,"D"
"STEESE","20_1",1,5,"SALIX",2.74,"L"
"STEESE","20_1",1,5,"BENE",2.33,"L"
"STEESE","20_1",1,6,"PIME",0.28,"D"
"STEESE","20_1",1,6,"SALIX",1.1,"L"
"STEESE","20_1",1,6,"BENE",3.64,"L"
"STEESE","20_1",1,7,"PIME",0.57,"D"
"STEESE","20_1",1,7,"SALIX",2.2,"L"
"STEESE","20_1",1,7,"BENE",3.94,"L"
"STEESE","20_1",1,8,"PIME",0.53,"D"
"STEESE","20_1",1,8,"SALIX",1.7,"L"
"STEESE","20_1",1,8,"BENE",5.02,"L"
"STEESE","20_1",1,9,"PIME",0.64,"L"
"STEESE","20_1",1,9,"SALIX",3.6,"L"
"STEESE","20_1",1,9,"BENE",3.8,"L"
"STEESE","20_1",1,10,"PIME",1.11,"L"
"STEESE","20_1",1,10,"SALIX",1.71,"L"
"STEESE","20_1",1,10,"BENE",5.91,"L"
"STEESE","29_1",1,1,"BENE",0.7,"L"
"STEESE","29_1",1,1,"PIME",3.6,"D"
"STEESE","29_1",1,1,"SALIX",2.2,"L"
"STEESE","29_1",1,1,"POTR",5.24,"L"
"STEESE","29_1",1,2,"BENE",0.7,"L"
"STEESE","29_1",1,2,"PIME",1.06,"D"
"STEESE","29_1",1,2,"SALIX",0.85,"L"
"STEESE","29_1",1,2,"POTR",2.24,"L"
"STEESE","29_1",1,3,"BENE",0.79,"L"
"STEESE","29_1",1,3,"PIME",2,"D"
"STEESE","29_1",1,3,"SALIX",0.7,"L"
"STEESE","29_1",1,3,"POTR",3,"L"
"STEESE","29_1",1,4,"BENE",0.51,"L"
"STEESE","29_1",1,4,"PIME",0.82,"D"
"STEESE","29_1",1,4,"SALIX",2.51,"L"
"STEESE","29_1",1,4,"POTR",5.3,"L"
"STEESE","29_1",1,5,"BENE",1.08,"L"
"STEESE","29_1",1,5,"PIME",2.66,"L"
"STEESE","29_1",1,5,"SALIX",1.04,"L"
"STEESE","29_1",1,5,"POTR",2.9,"L"
"STEESE","29_1",1,6,"BENE",1.12,"L"
"STEESE","29_1",1,6,"PIME",2.83,"D"
"STEESE","29_1",1,6,"SALIX",1.75,"L"
"STEESE","29_1",1,6,"POTR",3.89,"L"
"STEESE","29_1",1,7,"BENE",1.46,"L"
"STEESE","29_1",1,7,"PIME",2.7,"D"
"STEESE","29_1",1,7,"SALIX",1.46,"L"
"STEESE","29_1",1,7,"POTR",3.88,"L"
"STEESE","29_1",1,8,"BENE",1.56,"L"
"STEESE","29_1",1,8,"PIME",1.61,"D"
"STEESE","29_1",1,8,"SALIX",0.81,"L"
"STEESE","29_1",1,8,"POTR",3.96,"L"
"STEESE","29_1",1,9,"BENE",0.77,"L"
"STEESE","29_1",1,9,"PIME",2.01,"D"
"STEESE","29_1",1,9,"SALIX",1.67,"L"
"STEESE","29_1",1,9,"POTR",4.3,"L"
"STEESE","29_1",1,10,"BENE",1.78,"L"
"STEESE","29_1",1,10,"PIME",0.6,"L"
"STEESE","29_1",1,10,"SALIX",2.14,"L"
"STEESE","29_1",1,10,"POTR",1.92,"L"
"STEESE","35_3",3,1,"BENE",1.6,"L"
"STEESE","35_3",3,1,"PIME",9.6012,"L"
"STEESE","35_3",3,1,"SALIX",0.47,"L"
"STEESE","35_3",3,1,"POTR",1.88,"L"
"STEESE","35_3",3,1,"ARCTO",3.1,"L"
"STEESE","35_3",3,1,"ALCR",16.15,"L"
"STEESE","35_3",3,2,"BENE",3.62,"L"
"STEESE","35_3",3,2,"PIME",5.05,"L"
"STEESE","35_3",3,2,"SALIX",1.6,"L"
"STEESE","35_3",3,2,"POTR",1.92,"L"
"STEESE","35_3",3,2,"ARCTO",3.4,"L"
"STEESE","35_3",3,2,"ALCR",14.0208,"L"
"STEESE","35_3",3,3,"BENE",3.2,"L"
"STEESE","35_3",3,3,"PIME",1.96,"D"
"STEESE","35_3",3,3,"SALIX",1.82,"L"
"STEESE","35_3",3,3,"POTR",1.15,"L"
"STEESE","35_3",3,3,"ARCTO",3.1,"L"
"STEESE","35_3",3,3,"ALCR",9.2964,"L"
"STEESE","35_3",3,4,"BENE",1.11,"L"
"STEESE","35_3",3,4,"PIME",4.6,"L"
"STEESE","35_3",3,4,"SALIX",3.7,"L"
"STEESE","35_3",3,4,"POTR",5.2,"L"
"STEESE","35_3",3,4,"ARCTO",3.18,"L"
"STEESE","35_3",3,4,"ALCR",18.288,"L"
"STEESE","35_3",3,5,"BENE",1.9,"L"
"STEESE","35_3",3,5,"PIME",6.2,"L"
"STEESE","35_3",3,5,"SALIX",1.56,"L"
"STEESE","35_3",3,5,"POTR",0.87,"L"
"STEESE","35_3",3,5,"ARCTO",1.56,"L"
"STEESE","35_3",3,5,"ALCR",2.6,"L"
"STEESE","35_3",3,6,"BENE",2.19,"L"
"STEESE","35_3",3,6,"PIME",2.3,"L"
"STEESE","35_3",3,6,"SALIX",1.34,"L"
"STEESE","35_3",3,6,"POTR",1.9,"L"
"STEESE","35_3",3,6,"ARCTO",2.5,"L"
"STEESE","35_3",3,6,"ALCR",9.4488,"L"
"STEESE","35_3",3,7,"BENE",2.85,"L"
"STEESE","35_3",3,7,"PIME",7.8,"L"
"STEESE","35_3",3,7,"SALIX",2.27,"L"
"STEESE","35_3",3,7,"POTR",2.12,"L"
"STEESE","35_3",3,7,"ARCTO",2.1,"L"
"STEESE","35_3",3,7,"ALCR",2.75,"L"
"STEESE","35_3",3,8,"BENE",4.2,"L"
"STEESE","35_3",3,8,"PIME",0.73,"D"
"STEESE","35_3",3,8,"SALIX",1,"L"
"STEESE","35_3",3,8,"POTR",0.2,"L"
"STEESE","35_3",3,8,"ARCTO",3,"L"
"STEESE","35_3",3,8,"ALCR",10.668,"L"
"STEESE","35_3",3,9,"BENE",2.8,"L"
"STEESE","35_3",3,9,"PIME",6.24,"D"
"STEESE","35_3",3,9,"SALIX",2.4,"L"
"STEESE","35_3",3,9,"POTR",6.6,"L"
"STEESE","35_3",3,9,"ARCTO",1.5,"L"
"STEESE","35_3",3,9,"ALCR",20.4216,"L"
"STEESE","35_3",3,10,"BENE",1.38,"L"
"STEESE","35_3",3,10,"PIME",12.3444,"L"
"STEESE","35_3",3,10,"SALIX",0.53,"L"
"STEESE","35_3",3,10,"POTR",2,"L"
"STEESE","35_3",3,10,"ARCTO",6.3,"L"
"STEESE","35_3",3,10,"ALCR",19.812,"L"
